query_id,p_at_10,ndcg_at_10
R0,0.3,0.8179809735263114
R1,0.3,0.5508095940041026
R2,0.4,0.7226387152952866
R3,0.6,0.9045395669105326
R4,0.3,0.6039071644781281
R5,0.4,0.5431800515011934
R6,0.7,0.7027000139797092
R7,0.5,0.8495981447350542
R8,0.4,0.5431800515011934
R9,0.6,0.9181890364255552
R10,0.2,0.41443699955334395
R11,0.6,0.6984365947119812
R12,0.4,0.49256861998650303
R13,0.6,0.8883444449388405
R14,0.5,0.80737248436437
R15,0.6,0.8943854911728584
R16,0.7,0.8859509025892363
R17,0.5,0.9434732991210639
R18,0.3,0.5642221110316635
R19,0.7,0.796670591535181
R20,0.6,0.8541058313273973
R21,0.4,0.5883300173403988
R22,0.5,0.6669000641169921
R23,0.3,0.6196686079396531
R24,0.5,0.6697622278142621
R25,0.5,0.7190641271563337
R26,0.3,0.5316900945208328
R27,0.5,0.5652064629239767
R28,0.5,0.6746579650586142
R29,0.5,0.8260863919409527
R30,0.5,0.6479876501461626
R31,0.4,0.9178287402913374
R32,0.3,0.6256646589861505
R33,0.3,0.8070380459557518
R34,0.4,0.8988898126139723
R35,0.4,0.625524935148309
R36,0.4,0.6153925060653322
R37,0.6,0.8148744686404846
R38,0.5,0.6673352714949169
R39,0.3,0.8529278650606567
R40,0.3,0.6039071644781281
R41,0.6,0.9181890364255552
R42,0.4,0.8276904491046954
R43,0.4,0.6198898455343711
R44,0.4,0.8665427526082052
R45,0.6,0.8068857496524254
R46,0.4,0.6444638628256741
R47,0.6,0.8112537795184348
R48,0.4,0.7701035286296695
R49,0.2,0.42177340954886444
R50,0.3,0.5498407734605132
R51,0.4,0.6955762265703532
R52,0.4,0.6084170171049966
R53,0.2,0.48247555939075504
R54,0.4,0.8207149601443599
R55,0.5,0.7376801427060833
R56,0.3,0.7529716549381369
R57,0.3,0.6447841584694202
R58,0.4,0.6505998846696008
R59,0.2,0.8175295903539445
R60,0.2,0.42177340954886444
R61,0.3,0.7529716549381369
R62,0.4,0.49256861998650303
R63,0.3,0.9060254355346823
R64,0.4,0.6386364459525712
R65,0.3,0.7844801364718914
R66,0.4,0.5938524313109838
R67,0.6,0.7424242840075184
R68,0.6,0.7668878296761484
R69,0.5,0.8211906546966005
R70,0.6,0.7028046245779905
R71,0.5,0.646990210946125
R72,0.1,0.3010299956639812
R73,0.4,0.7654325652221776
R74,0.5,0.6455502826691841
R75,0.8,0.8807346094186412
R76,0.6,0.8294203610382852
R77,0.2,0.8315546295836225
R78,0.5,0.7962090036840728
R79,0.3,0.45646838330896394
R80,0.4,0.5702425402261267
R81,0.4,0.7717609143252694
R82,0.6,0.7815683063664048
R83,0.3,0.4652347214527331
R84,0.5,0.6858983354753491
R85,0.5,0.8211906546966005
R86,0.5,0.8940043068327737
R87,0.4,0.6663312458715583
R88,0.3,0.7461976723150332
R89,0.5,0.8268261278669169
R90,0.4,0.6444638628256741
R91,0.4,0.6198898455343711
R92,0.4,0.5757194387661255
R93,0.6,0.6995722321985558
R94,0.3,0.4967432029864875
R95,0.5,0.6084772252927951
R96,0.5,0.8699594546339143
R97,0.6,0.8148744686404846
R98,0.4,0.8207149601443599
R99,0.4,0.644964795055663
R100,0.4,0.8396538878217249
R101,0.5,0.6807182344492225
R102,0.5,0.6416430169737799
R103,0.4,0.8756458727267332
R104,0.3,0.4899692203633839
R105,0.4,0.8207149601443599
R106,0.5,0.8490359129129414
R107,0.7,0.7933816496626284
R108,0.3,0.4792350074047671
R109,0.4,0.810582531061383
R110,0.4,0.7890424563070345
R111,0.4,0.7933009890796178
R112,0.4,0.5883300173403988
R113,0.3,0.6797310500037655
R114,0.5,0.6455502826691841
R115,0.6,0.6824871841548877
R116,0.3,0.7844801364718914
R117,0.6,0.6688457156754258
R118,0.4,0.5981109640835669
R119,0.3,0.49141527484330916
R120,0.3,0.43334518829986224
R121,0.4,0.777079017590005
R122,0.5,0.66200432687264
R123,0.7,0.8078696883910291
R124,0.6,0.870715242300424
R125,0.4,0.8421423592553552
R126,0.5,0.6031171482531632
R127,0.7,0.682230146374314
R128,0.5,0.9434732991210639
R129,0.2,0.5437713091520254
R130,0.5,0.8587959739536171
R131,0.3,0.5105347743265789
R132,0.3,0.4860089900278708
R133,0.4,0.8332128630752801
R134,0.6,0.9112673530673153
R135,0.4,0.7486761295186739
R136,0.6,0.6984365947119812
R137,0.5,0.8386421381000938
R138,0.4,0.7654325652221776
R139,0.4,0.7979719524871096
R140,0.6,0.7424242840075184
R141,0.2,0.41443699955334395
R142,0.3,0.6112833214150002
R143,0.4,0.5604615934829587
R144,0.2,0.42177340954886444
R145,0.4,0.5667899425860504
R146,0.5,0.8826130928198886
R147,0.3,0.5374517914100283
R148,0.6,0.8684153012583529
R149,0.3,0.5051284895111403
R150,0.1,0.3010299956639812
R151,0.3,0.4860089900278708
R152,0.5,0.6306870103388195
R153,0.3,0.6112833214150002
R154,0.6,0.7945570282173817
R155,0.4,0.9267582364714125
R156,0.4,0.7773960039392073
R157,0.6,0.9013071745310982
R158,0.6,0.8294203610382852
R159,0.4,0.8270433092474515
R160,0.4,0.8036070421010475
R161,0.4,0.6710022092790502
R162,0.3,0.5267175784514114
R163,0.5,0.6899564447669037
R164,0.4,0.8547529378296287
R165,0.3,0.7844801364718914
R166,0.5,0.6858983354753491
R167,0.7,0.7211558598969096
R168,0.6,0.6389751319299919
R169,0.6,0.8112537795184348
R170,0.6,0.8932498536862836
R171,0.6,0.8851120525594057
R172,0.3,0.4736200079773859
R173,0.4,0.7508679794281646
R174,0.3,0.6196686079396531
R175,0.4,0.8326783988613894
R176,0.2,0.430624116386567
R177,0.2,0.430624116386567
R178,0.3,0.5518331289811786
R179,0.4,0.5883300173403988
R180,0.4,0.6444638628256741
R181,0.5,0.7835553654980985
R182,0.4,0.5994875209249216
R183,0.4,0.6152188821268791
R184,0.5,0.6579462175810854
R185,0.5,0.6746579650586142
R186,0.3,0.499800561367962
R187,0.5,0.7190641271563337
R188,0.4,0.6533933590057491
R189,0.3,0.7461976723150332
R190,0.6,0.8750832721664332
R191,0.5,0.8393423304510702
R192,0.6,0.870715242300424
R193,0.4,0.6933937345964917
R194,0.2,0.45749452618986164
R195,0.4,0.5431800515011934
R196,0.6,0.6389751319299919
R197,0.3,0.7529716549381369
R198,0.6,0.8068857496524254
R199,0.6,0.8014787115756216
R200,0.4,0.6062893859468041
R201,0.5,0.5953592473115411
R202,0.4,0.801479410942855
R203,0.6,0.846117112339338
R204,0.4,0.815079870530422
R205,0.5,0.5741603094598835
R206,0.5,0.6516105520597925
R207,0.5,0.5701022001683288
R208,0.4,0.7508679794281646
R209,0.2,0.4415801103577823
R210,0.5,0.6132355269353261
R211,0.5,0.8063273823662358
R212,0.3,0.6112833214150002
R213,0.6,0.840710074262534
R214,0.4,0.7226387152952866
R215,0.4,0.5548265038690208
R216,0.3,0.4736200079773859
R217,0.3,0.5173087569496825
R218,0.3,0.6978817289434457
R219,0.5,0.6139752628612906
R220,0.4,0.8285418996677884
R221,0.2,0.3889580943680543
R222,0.5,0.6188710001056428
R223,0.4,0.6766372988929881
R224,0.4,0.5936788073725308
R225,0.5,0.6414921733776295
R226,0.4,0.7979719524871096
R227,0.4,0.625524935148309
R228,0.5,0.8275263202178935
R229,0.7,0.9223960604395119
R230,0.1,0.2890648263178879
R231,0.4,0.6027819274910589
R232,0.5,0.7593434203530206
R233,0.3,0.45646838330896394
R234,0.8,0.8995710933840295
R235,0.5,0.6091774176437715
R236,0.4,0.7843714928995427
R237,0.4,0.8932547230000344
R238,0.4,0.7508679794281646
R239,0.4,0.8494348345648929
R240,0.5,0.8260863919409527
R241,0.2,0.3889580943680543
R242,0.3,0.8385465274895063
R243,0.4,0.7597974756082397
R244,0.5,0.8550961823035496
R245,0.6,0.8411243632638686
R246,0.3,0.5249161118977292
R247,0.3,0.7844801364718914
R248,0.4,0.5433536754396464
R249,0.4,0.8270433092474515
R250,0.3,0.8451850618939637
R251,0.4,0.867043684838194
R252,0.3,0.86034433104172
R253,0.5,0.66200432687264
R254,0.5,0.6367472797294277
R255,0.5,0.5844032406765807
R256,0.6,0.9103349017299518
R257,0.4,0.5218136006852979
R258,0.3,0.6338412308988606
R259,0.4,0.6891352018239085
R260,0.3,0.6394562303262419
R261,0.6,0.8883444449388405
R262,0.6,0.7945570282173817
R263,0.4,0.8285418996677884
R264,0.5,0.8110722760144377
R265,0.7,0.8401381804368546
R266,0.4,0.5604615934829587
R267,0.3,0.6546154994739983
R268,0.5,0.8442380676954222
R269,0.6,0.8497378014613879
R270,0.5,0.8112231196105879
R271,0.2,0.5912352048230277
R272,0.3,0.618890676363047
R273,0.4,0.6333183426878355
R274,0.5,0.5994173566030957
R275,0.6,0.8541058313273973
R276,0.6,0.8943854911728584
R277,0.2,0.45749452618986164
R278,0.6,0.6850408376471182
R279,0.3,0.43334518829986224
R280,0.6,0.8883444449388405
R281,0.4,0.555143490218223
R282,0.4,0.5431800515011934
R283,0.5,0.7190641271563337
R284,0.3,0.55744812840856
R285,0.3,0.7844801364718914
R286,0.2,0.38162168437253385
R287,0.2,0.4227898344066503
R288,0.6,0.923596074502359
R289,0.4,0.7945039219825193
R290,0.5,0.80737248436437
R291,0.4,0.7701035286296695
R292,0.4,0.6152188821268791
R293,0.4,0.5286154657071804
R294,0.6,0.8851120525594057
R295,0.3,0.4790262927928244
R296,0.4,0.5501555404615289
R297,0.4,0.5883300173403988
R298,0.8,0.7873809837758803
R299,0.5,0.8990671370233444
R300,0.3,0.43334518829986224
R301,0.3,0.43334518829986224
R302,0.5,0.9221235176732561
R303,0.3,0.4508533838815827
R304,0.4,0.7827141072039429
R305,0.3,0.5400753810454857
R306,0.4,0.5710484753586336
R307,0.5,0.8151303853059922
R308,0.6,0.8670945531783741
R309,0.4,0.801479410942855
R310,0.5,0.6673352714949169
R311,0.4,0.5260721334578811
R312,0.4,0.5938524313109838
R313,0.6,0.845492393129878
R314,0.3,0.5173087569496825
R315,0.7,0.7762007239297859
R316,0.6,0.8851120525594057
R317,0.6,0.9049278636531481
R318,0.6,0.844330763384584
R319,0.4,0.6325004241086446
R320,0.5,0.6125353345843497
R321,0.4,0.5098501619682683
R322,0.2,0.41183384043543503
R323,0.4,0.8207149601443599
R324,0.3,0.4860089900278708
R325,0.4,0.7611740324495944
R326,0.5,0.7821154372211577
R327,0.3,0.47084972088011423
R328,0.3,0.4967432029864875
R329,0.5,0.844702407490702
R330,0.6,0.7123317756416025
R331,0.7,0.738689504510803
R332,0.4,0.7820669673466991
R333,0.3,0.7669719408901708
R334,0.6,0.6995722321985558
R335,0.4,0.5604615934829587
R336,0.4,0.5218136006852979
R337,0.4,0.5171426372778061
R338,0.4,0.8061503743503469
R339,0.6,0.836342044396525
R340,0.2,0.42177340954886444
R341,0.4,0.5822059789431564
R342,0.5,0.8442380676954222
R343,0.3,0.4860089900278708
R344,0.6,0.8753369846165927
R345,0.5,0.6306870103388195
R346,0.5,0.6035814880484429
R347,0.5,0.66200432687264
R348,0.3,0.6132756769356656
R349,0.5,0.9072602453428913
R350,0.4,0.5994875209249216
R351,0.5,0.8442380676954222
R352,0.4,0.5342505553211183
R353,0.6,0.7554130058584951
R354,0.5,0.8151303853059922
R355,0.5,0.6181312641796782
R356,0.3,0.8451850618939637
R357,0.6,0.7221068435844155
R358,0.2,0.3889580943680543
R359,0.3,0.5937751258332797
R360,0.5,0.8738100898801322
R361,0.4,0.5171426372778061
R362,0.6,0.8803557259507812
R363,0.5,0.8495981447350542
R364,0.7,0.7449769855560072
R365,0.7,0.7089874950249131
R366,0.4,0.49954410894683854
R367,0.5,0.6475524427682379
R368,0.4,0.8117854639642847
R369,0.5,0.831584429509448
R370,0.6,0.8014787115756216
R371,0.6,0.8932498536862836
R372,0.4,0.5993138969864685
R373,0.4,0.5822059789431564
R374,0.4,0.6165954389682339
R375,0.4,0.7036997876179215
R376,0.4,0.5993138969864685
R377,0.6,0.6130049420154864
R378,0.4,0.7701035286296695
R379,0.4,0.8061503743503469
R380,0.5,0.8002671129756275
R381,0.2,0.5912352048230277
R382,0.4,0.7890424563070345
R383,0.5,0.6661393259006322
R384,0.7,0.9403962390375307
R385,0.6,0.8636589746497284
R386,0.5,0.7348179790088133
R387,0.4,0.6595293808496757
R388,0.4,0.7508679794281646
R389,0.3,0.4792350074047671
R390,0.7,0.9325720109418508
R391,0.3,0.4967432029864875
R392,0.5,0.6919586048659573
R393,0.5,0.7913132664397207
R394,0.5,0.9330795243082164
R395,0.6,0.6599525727690281
R396,0.2,0.4415801103577823
R397,0.6,0.8148744686404846
R398,0.5,0.6367472797294277
R399,0.3,0.499800561367962
R400,0.4,0.8667163765466582
R401,0.5,0.7884511027424507
R402,0.6,0.958214983820857
R403,0.2,0.38162168437253385
R404,0.6,0.6952042023325464
R405,0.5,0.5975212186578347
R406,0.4,0.5377185858257085
R407,0.5,0.8112231196105879
R408,0.4,0.5818889925939541
R409,0.5,0.7141683899119816
R410,0.5,0.5701022001683288
R411,0.5,0.7835553654980985
R412,0.4,0.5621189791785585
R413,0.6,0.6599525727690281
R414,0.5,0.7348179790088133
R415,0.5,0.8110722760144377
R416,0.6,0.8491130822519277
R417,0.4,0.5772180291864623
R418,0.3,0.8072467605676945
R419,0.3,0.7988614740430418
R420,0.4,0.801479410942855
R421,0.4,0.7654325652221776
R422,0.3,0.7585866543655181
R423,0.6,0.7563454571958587
R424,0.4,0.5501555404615289
R425,0.6,0.8148744686404846
R426,0.3,0.6447841584694202
R427,0.4,0.7773960039392073
R428,0.2,0.41183384043543503
R429,0.5,0.6091774176437715
R430,0.4,0.615719814356868
R431,0.6,0.8240133229614812
R432,0.4,0.5375449618872555
R433,0.3,0.7737459235132745
R434,0.4,0.7890424563070345
R435,0.5,0.8352842211595156
R436,0.4,0.5307430968653729
R437,0.6,0.8653082042236201
R438,0.4,0.5667899425860504
R439,0.2,0.5109559939712153
R440,0.4,0.5342505553211183
R441,0.3,0.6182885020492784
R442,0.5,0.6341694798139321
R443,0.5,0.7588790805577409
R444,0.4,0.5377185858257085
R445,0.6,0.8851120525594057
R446,0.5,0.6031171482531632
R447,0.1,0.38685280723454163
R448,0.4,0.8885837595925424
R449,0.5,0.5953592473115411
R450,0.3,0.4652347214527331
R451,0.6,0.7681725493015419
R452,0.5,0.8260863919409527
R453,0.6,0.9372375429818208
R454,0.2,0.39564672360221187
R455,0.5,0.6479876501461626
R456,0.4,0.49954410894683854
R457,0.6,0.8807440226933967
R458,0.3,0.6797310500037655
R459,0.5,0.8995023444012692
R460,0.7,0.9219403931203304
R461,0.3,0.4792350074047671
R462,0.4,0.5495084006042852
R463,0.3,0.5726073975563163
R464,0.4,0.5115075476638682
R465,0.8,0.8062174677412686
R466,0.5,0.7346671354126629
R467,0.5,0.7258641324729064
R468,0.4,0.7890424563070345
R469,0.4,0.5818889925939541
R470,0.6,0.8680270045157377
R471,0.5,0.8393423304510702
R472,0.3,0.7529716549381369
R473,0.6,0.870715242300424
R474,0.5,0.5994173566030957
R475,0.7,0.7178669180243569
R476,0.5,0.6031171482531632
R477,0.4,0.49256861998650303
R478,0.6,0.8943854911728584
R479,0.4,0.7701035286296695
R480,0.4,0.6170963711982227
R481,0.5,0.6416430169737799
R482,0.4,0.6379893060953273
R483,0.7,0.8507697982583751
R484,0.3,0.7529716549381369
R485,0.5,0.7821154372211577
R486,0.5,0.831584429509448
R487,0.3,0.43334518829986224
R488,0.4,0.5342505553211183
R489,0.6,0.8147398843480288
R490,0.5,0.6811534418271471
R491,0.4,0.7565030690421025
R492,0.6,0.844330763384584
R493,0.5,0.7913132664397207
R494,0.7,0.8743604579832849
R495,0.4,0.9047172294870751
R496,0.6,0.8616875151015702
R497,0.1,0.43067655807339306
R498,0.4,0.625524935148309
R499,0.3,0.7613569414627896
R500,0.5,0.8061765387700855
R501,0.4,0.5431800515011934
R502,0.7,0.901117806633884
R503,0.4,0.7226387152952866
R504,0.4,0.7654325652221776
R505,0.5,0.6266289010472648
R506,0.4,0.810582531061383
R507,0.5,0.773161590685251
R508,0.6,0.6732137455414351
R509,0.5,0.8022692730746812
R510,0.5,0.6479876501461626
R511,0.6,0.840710074262534
R512,0.2,0.448643819352159
R513,0.4,0.815079870530422
R514,0.5,0.8826130928198886
R515,0.4,0.8276904491046954
R516,0.4,0.7890424563070345
R517,0.5,0.6669000641169921
R518,0.4,0.5433536754396464
R519,0.5,0.8002671129756275
R520,0.6,0.8900174613068491
R521,0.5,0.5741603094598835
R522,0.5,0.6188710001056428
R523,0.7,0.89483032558868
R524,0.4,0.7701035286296695
R525,0.5,0.6132355269353261
R526,0.4,0.6533933590057491
R527,0.4,0.7597974756082397
R528,0.5,0.8063273823662358
R529,0.7,0.7302657488305411
R530,0.4,0.8396538878217249
R531,0.5,0.6266289010472648
R532,0.4,0.6836127878533236
R533,0.4,0.7045057227504283
R534,0.3,0.812653045383133
R535,0.2,0.3889580943680543
R536,0.4,0.5724250321999883
R537,0.6,0.6984365947119812
R538,0.6,0.6930295566351772
R539,0.4,0.644964795055663
R540,0.3,0.4652347214527331
R541,0.5,0.5701022001683288
R542,0.6,0.8245149522908418
R543,0.6,0.8943854911728584
R544,0.3,0.4652347214527331
R545,0.5,0.590463510067189
R546,0.4,0.5883300173403988
R547,0.7,0.9093183643170807
R548,0.3,0.5249161118977292
R549,0.5,0.844702407490702
R550,0.4,0.6595293808496757
R551,0.4,0.7611740324495944
R552,0.3,0.45846073882962946
R553,0.2,0.430624116386567
R554,0.6,0.9013071745310982
R555,0.3,0.5065745439910657
R556,0.5,0.6860491790714993
R557,0.2,0.41443699955334395
R558,0.6,0.8245149522908418
R559,0.2,0.5714285040141098
R560,0.6,0.8842221264874299
R561,0.4,0.6677078027129131
R562,0.4,0.5621189791785585
R563,0.4,0.7946775459209724
R564,0.6,0.6828754808975029
R565,0.6,0.8411243632638686
R566,0.4,0.6386364459525712
R567,0.3,0.5931729515195112
R568,0.4,0.6444638628256741
R569,0.5,0.8345840288085391
R570,0.5,0.5591461935333684
R571,0.5,0.8993515008051188
R572,0.7,0.738689504510803
R573,0.1,0.31546487678572877
R574,0.7,0.9498751896215564
R575,0.4,0.7890424563070345
R576,0.2,0.4415801103577823
R577,0.5,0.8110722760144377
R578,0.4,0.49954410894683854
R579,0.3,0.4792350074047671
R580,0.5,0.5890235817902482
R581,0.5,0.6559440574820317
R582,0.4,0.8104089071229301
R583,0.3,0.8194270280062366
R584,0.4,0.7486761295186739
R585,0.3,0.499800561367962
R586,0.5,0.9896062251871525
R587,0.3,0.4967432029864875
R588,0.6,0.7028046245779905
R589,0.4,0.7508679794281646
R590,0.4,0.6124254077907308
R591,0.5,0.6479876501461626
R592,0.4,0.625524935148309
R593,0.6,0.7467049735455016
R594,0.2,0.430624116386567
R595,0.6,0.8014787115756216
R596,0.2,0.48247555939075504
R597,0.4,0.6271823208439088
R598,0.4,0.5171426372778061
R599,0.4,0.7979719524871096
R600,0.4,0.5501555404615289
R601,0.5,0.7884511027424507
R602,0.5,0.9180654083817015
R603,0.3,0.6182885020492784
R604,0.4,0.5667899425860504
R605,0.4,0.6152188821268791
R606,0.7,0.7996691307078325
R607,0.6,0.8943854911728584
R608,0.3,0.5937751258332797
R609,0.4,0.5478510149086853
R610,0.6,0.8846104232300454
R611,0.5,0.678140434533727
R612,0.4,0.5377185858257085
R613,0.2,0.39780880120575696
R614,0.5,0.6181312641796782
R615,0.6,0.7686741786309025
R616,0.4,0.6198898455343711
R617,0.6,0.9328695131158116
R618,0.3,0.5256940434743352
R619,0.4,0.5171426372778061
R620,0.3,0.7613569414627896
R621,0.5,0.7925092120340054
R622,0.4,0.8374713958478633
R623,0.3,0.5105347743265789
R624,0.4,0.6124254077907308
R625,0.6,0.6894088675131275
R626,0.5,0.6569414966820692
R627,0.4,0.5667899425860504
R628,0.6,0.8980061802949083
R629,0.3,0.5730008572581421
R630,0.5,0.8110722760144377
R631,0.4,0.8927537907700456
R632,0.5,0.6811534418271471
R633,0.5,0.66200432687264
R634,0.3,0.5105347743265789
R635,0.4,0.8773497378596238
R636,0.5,0.6071752575447178
R637,0.4,0.7890424563070345
R638,0.4,0.49256861998650303
R639,0.5,0.7154703576600591
R640,0.5,0.7496812513391778
R641,0.3,0.5508095940041026
R642,0.4,0.644964795055663
R643,0.6,0.8980061802949083
R644,0.6,0.8616875151015702
R645,0.4,0.7508679794281646
R646,0.4,0.5938524313109838
R647,0.4,0.838847952689218
R648,0.5,0.8063273823662358
R649,0.6,0.840710074262534
R650,0.5,0.6569414966820692
R651,0.4,0.5710484753586336
R652,0.3,0.5105347743265789
R653,0.7,0.8029580725803853
R654,0.5,0.6125353345843497
R655,0.3,0.5256940434743352
R656,0.4,0.5604615934829587
R657,0.5,0.6288385351916552
R658,0.5,0.8002671129756275
R659,0.5,0.6229291093971974
R660,0.5,0.6632771622033622
R661,0.5,0.9121559825872435
R662,0.5,0.7198038630822983
R663,0.5,0.7009124514018641
R664,0.5,0.6746579650586142
R665,0.5,0.8954442351097145
R666,0.6,0.8068857496524254
R667,0.5,0.8112231196105879
R668,0.4,0.6766372988929881
R669,0.2,0.5714285040141098
R670,0.5,0.7258641324729064
R671,0.3,0.5498407734605132
R672,0.4,0.5115075476638682
R673,0.2,0.5437713091520254
R674,0.5,0.8659013453423597
R675,0.4,0.5171426372778061
R676,0.6,0.8807440226933967
R677,0.4,0.5822059789431564
R678,0.6,0.8900174613068491
R679,0.5,0.5890235817902482
R680,0.5,0.8063273823662358
R681,0.5,0.80737248436437
R682,0.8,0.8120032421377505
R683,0.4,0.7654325652221776
R684,0.4,0.5891814679034919
R685,0.6,0.6130049420154864
R686,0.4,0.6124254077907308
R687,0.6,0.8980061802949083
R688,0.2,0.3706656904013186
R689,0.3,0.7529716549381369
R690,0.5,0.6031171482531632
R691,0.5,0.5591461935333684
R692,0.4,0.7933009890796178
R693,0.4,0.6386364459525712
R694,0.3,0.4792350074047671
R695,0.6,0.8148744686404846
R696,0.5,0.7486361493410435
R697,0.6,0.8541058313273973
R698,0.4,0.5375449618872555
R699,0.4,0.6504262607311477
R700,0.4,0.640293831648171
R701,0.6,0.6781191542888785
R702,0.5,0.8033143750728156
R703,0.5,0.8550961823035496
R704,0.4,0.5431800515011934
R705,0.2,0.44130740935663865
R706,0.5,0.8260863919409527
R707,0.3,0.5726073975563163
R708,0.5,0.7884511027424507
R709,0.5,0.7593434203530206
R710,0.7,0.9652102434192421
R711,0.5,0.6181312641796782
R712,0.7,0.8464256614820586
R713,0.4,0.5604615934829587
R714,0.5,0.8211906546966005
R715,0.4,0.8207149601443599
R716,0.5,0.8602762833296762
R717,0.6,0.8014787115756216
R718,0.3,0.4967432029864875
R719,0.5,0.6031171482531632
R720,0.4,0.7773960039392073
R721,0.4,0.5667899425860504
R722,0.4,0.777079017590005
R723,0.6,0.8147398843480288
R724,0.4,0.7701035286296695
R725,0.6,0.7031929213206057
R726,0.5,0.7671013212946428
R727,0.5,0.6583814249590101
R728,0.4,0.7597974756082397
R729,0.7,0.859193553938637
R730,0.5,0.5844032406765807
R731,0.6,0.6389751319299919
R732,0.5,0.9374130297304558
R733,0.4,0.5621189791785585
R734,0.4,0.5702425402261267
R735,0.6,0.6346071020639826
R736,0.5,0.8022692730746812
R737,0.4,0.8988898126139723
R738,0.4,0.8756458727267332
R739,0.4,0.8726787744521319
R740,0.5,0.8777173555755364
R741,0.4,0.6330013563386333
R742,0.5,0.773161590685251
R743,0.4,0.6374883738653385
R744,0.4,0.5045320587035326
R745,0.6,0.8147398843480288
R746,0.4,0.6505998846696008
R747,0.4,0.5891814679034919
R748,0.5,0.8940043068327737
R749,0.1,0.3010299956639812
R750,0.4,0.5115075476638682
R751,0.6,0.9001715370445235
R752,0.4,0.6386364459525712
R753,0.4,0.7654325652221776
R754,0.4,0.6829656479960798
R755,0.3,0.5937751258332797
R756,0.2,0.5249810332008933
R757,0.3,0.8278123145308894
R758,0.5,0.6367472797294277
R759,0.3,0.5105347743265789
R760,0.4,0.8117854639642847
R761,0.4,0.606790318176793
R762,0.3,0.47084972088011423
R763,0.5,0.8449778036213867
R764,0.4,0.5501555404615289
R765,0.4,0.8843252268199594
R766,0.5,0.7884511027424507
R767,0.6,0.6995722321985558
R768,0.3,0.5323325778787926
R769,0.6,0.6389751319299919
R770,0.2,0.37800210039683896
R771,0.5,0.6132355269353261
R772,0.3,0.49418556194058083
R773,0.4,0.7701035286296695
R774,0.7,0.8553050844815022
R775,0.3,0.5183322919267586
R776,0.5,0.5741603094598835
R777,0.5,0.7821154372211577
R778,0.4,0.5307430968653729
R779,0.2,0.4415801103577823
R780,0.5,0.6516105520597925
R781,0.5,0.6632771622033622
R782,0.7,0.8981192674612326
R783,0.2,0.4415801103577823
R784,0.4,0.625524935148309
R785,0.7,0.7577448780125856
R786,0.2,0.4227898344066503
R787,0.4,0.5548265038690208
R788,0.4,0.7100281367210132
R789,0.5,0.7835553654980985
R790,0.5,0.7925092120340054
R791,0.3,0.5316900945208328
R792,0.4,0.5604615934829587
R793,0.3,0.7737459235132745
R794,0.2,0.45560514958746035
R795,0.4,0.5818889925939541
R796,0.4,0.6213549039708058
R797,0.3,0.7988614740430418
R798,0.5,0.7009124514018641
R799,0.5,0.590463510067189
R800,0.6,0.8357173251870647
R801,0.4,0.5478510149086853
R802,0.4,0.7565030690421025
R803,0.6,0.8753369846165927
R804,0.5,0.8260863919409527
R805,0.6,0.870715242300424
R806,0.4,0.8207149601443599
R807,0.4,0.8276904491046954
R808,0.3,0.5173087569496825
R809,0.4,0.8988898126139723
R810,0.4,0.6665048698100113
R811,0.6,0.8851120525594057
R812,0.5,0.6367472797294277
R813,0.4,0.5478510149086853
R814,0.6,0.8943854911728584
R815,0.3,0.4648536698336167
R816,0.4,0.5431800515011934
R817,0.3,0.6045093387918965
R818,0.3,0.4508533838815827
R819,0.5,0.7821154372211577
R820,0.4,0.5710484753586336
R821,0.4,0.6620727130989752
R822,0.2,0.39780880120575696
R823,0.5,0.8112231196105879
R824,0.6,0.8068857496524254
R825,0.3,0.8179809735263114
R826,0.6,0.7668878296761484
R827,0.4,0.625524935148309
R828,0.2,0.46845052016107697
R829,0.6,0.8750832721664332
R830,0.5,0.6569414966820692
R831,0.3,0.6978817289434457
R832,0.6,0.6861078732769376
R833,0.2,0.4227898344066503
R834,0.4,0.5667899425860504
R835,0.4,0.5724250321999883
R836,0.4,0.5218136006852979
R837,0.5,0.6188710001056428
R838,0.5,0.6673352714949169
R839,0.4,0.5389215187286102
R840,0.5,0.6455502826691841
R841,0.3,0.43334518829986224
R842,0.5,0.7198038630822983
R843,0.5,0.5652064629239767
R844,0.5,0.8850504602968671
R845,0.3,0.5105347743265789
R846,0.3,0.55744812840856
R847,0.5,0.8110722760144377
R848,0.6,0.9286241047843016
R849,0.2,0.41183384043543503
R850,0.3,0.7461976723150332
R851,0.3,0.9066276098484507
R852,0.4,0.49256861998650303
R853,0.3,0.6112833214150002
R854,0.4,0.5478510149086853
R855,0.5,0.6860491790714993
R856,0.7,0.9803771474638899
R857,0.4,0.6533933590057491
R858,0.5,0.9043980816456213
R859,0.4,0.6505998846696008
R860,0.3,0.5374517914100283
R861,0.6,0.8807440226933967
R862,0.6,0.8491130822519277
R863,0.7,0.858594026354055
R864,0.1,0.3333333333333333
R865,0.5,0.8844882284747542
R866,0.4,0.5307430968653729
R867,0.5,0.6071752575447178
R868,0.5,0.6858983354753491
R869,0.5,0.8442380676954222
R870,0.4,0.7597974756082397
R871,0.4,0.5478510149086853
R872,0.5,0.6811534418271471
R873,0.3,0.5508095940041026
R874,0.4,0.7654325652221776
R875,0.4,0.5749135036336186
R876,0.4,0.6386364459525712
R877,0.5,0.8158701212319567
R878,0.4,0.5998148292164573
R879,0.3,0.5730008572581421
R880,0.7,0.7178669180243569
R881,0.5,0.5994173566030957
R882,0.7,0.9911205770005563
R883,0.4,0.8927537907700456
R884,0.5,0.6673352714949169
R885,0.6,0.6995722321985558
R886,0.4,0.815079870530422
R887,0.4,0.815079870530422
R888,0.5,0.6079149934706823
R889,0.4,0.7890424563070345
R890,0.6,0.8240133229614812
R891,0.4,0.5667899425860504
R892,0.7,0.9256850023120645
R893,0.3,0.5065745439910657
R894,0.2,0.42177340954886444
R895,0.4,0.5757194387661255
R896,0.3,0.4716276524567204
R897,0.5,0.6632771622033622
R898,0.5,0.6858983354753491
R899,0.5,0.637792381727562
R900,0.3,0.5833416105149332
R901,0.6,0.9145683473035052
R902,0.2,0.40298313359773236
R903,0.4,0.5548265038690208
R904,0.4,0.5260721334578811
R905,0.5,0.8495981447350542
R906,0.4,0.8843252268199594
R907,0.4,0.6595293808496757
R908,0.6,0.8503978018773211
R909,0.6,0.9199753853803092
R910,0.4,0.8796542634124673
R911,0.6,0.8245149522908418
R912,0.6,0.7761612682896011
R913,0.4,0.6836127878533236
R914,0.5,0.8891085695884217
R915,0.7,0.9014705255149352
R916,0.4,0.5757194387661255
R917,0.5,0.6565062893041446
R918,0.4,0.9047172294870751
R919,0.4,0.8276904491046954
R920,0.4,0.7701035286296695
R921,0.5,0.5591461935333684
R922,0.6,0.6635732618910778
R923,0.6,0.836342044396525
R924,0.7,0.7449769855560072
R925,0.3,0.4792350074047671
R926,0.3,0.4648536698336167
R927,0.4,0.7946775459209724
R928,0.5,0.8891085695884217
R929,0.5,0.8502983370860306
R930,0.4,0.7597974756082397
R931,0.5,0.6181312641796782
R932,0.3,0.7844801364718914
R933,0.6,0.9067142126079019
R934,0.4,0.5115075476638682
R935,0.5,0.7962090036840728
R936,0.4,0.5998148292164573
R937,0.6,0.844330763384584
R938,0.2,0.45749452618986164
R939,0.4,0.653894291235738
R940,0.4,0.7486761295186739
R941,0.2,0.7977228895450266
R942,0.6,0.6768344346634849
R943,0.6,0.7164540940930129
R944,0.5,0.7884511027424507
R945,0.5,0.8844882284747542
R946,0.5,0.6669000641169921
R947,0.4,0.7654325652221776
R948,0.4,0.5377185858257085
R949,0.2,0.3706656904013186
R950,0.6,0.840710074262534
R951,0.4,0.8477774488692931
R952,0.5,0.5800697352543414
R953,0.3,0.8072467605676945
R954,0.5,0.5982214110088111
R955,0.5,0.7984186378284633
R956,0.3,0.5430667908374095
R957,0.4,0.5115075476638682
R958,0.5,0.66200432687264
R959,0.5,0.637792381727562
R960,0.7,0.7178669180243569
R961,0.2,0.46845052016107697
R962,0.4,0.7565030690421025
R963,0.4,0.7565030690421025
R964,0.4,0.5045320587035326
R965,0.4,0.7890424563070345
R966,0.5,0.6181312641796782
R967,0.3,0.7737459235132745
R968,0.5,0.646990210946125
R969,0.6,0.8851120525594057
R970,0.5,0.7738931964842558
R971,0.6,0.8503978018773211
R972,0.4,0.810582531061383
R973,0.3,0.7669719408901708
R974,0.4,0.5433536754396464
R975,0.5,0.9042472380494709
R976,0.4,0.6710022092790502
R977,0.4,0.5045320587035326
R978,0.5,0.8171325454050458
R979,0.5,0.8002671129756275
R980,0.5,0.6528833873905147
R981,0.5,0.5741603094598835
R982,0.5,0.5513882925917464
R983,0.4,0.5993138969864685
R984,0.5,0.6810025982309968
R985,0.1,0.43067655807339306
R986,0.5,0.8495981447350542
R987,0.5,0.8850504602968671
R988,0.5,0.6031171482531632
R989,0.5,0.6632771622033622
R990,0.3,0.48580027541592796
R991,0.2,0.42177340954886444
R992,0.6,0.9397911964740513
R993,0.4,0.8276904491046954
R994,0.4,0.6333183426878355
R995,0.4,0.5724250321999883
R996,0.4,0.5115075476638682
R997,0.2,0.48247555939075504
R998,0.3,0.5518331289811786
R999,0.4,0.6836127878533236
R1000,0.3,0.4899692203633839
R1001,0.5,0.6860491790714993
R1002,0.2,0.4227898344066503
R1003,0.3,0.5508095940041026
R1004,0.6,0.8749486878739775
R1005,0.5,0.7064104889703594
R1006,0.6,0.6130049420154864
R1007,0.4,0.5772180291864623
R1008,0.6,0.7632671405540985
R1009,0.5,0.7299222417644611
R1010,0.4,0.5724250321999883
R1011,0.3,0.4899692203633839
R1012,0.4,0.5646074506121889
R1013,0.3,0.55744812840856
R1014,0.4,0.8374713958478633
R1015,0.2,0.7903864795495061
R1016,0.6,0.6732137455414351
R1017,0.4,0.815079870530422
R1018,0.4,0.5218136006852979
R1019,0.6,0.712833404970963
R1020,0.3,0.8072467605676945
R1021,0.4,0.5883300173403988
R1022,0.4,0.5604615934829587
R1023,0.5,0.8752903992561912
R1024,0.5,0.8063273823662358
R1025,0.3,0.5833416105149332
R1026,0.5,0.6031171482531632
R1027,0.7,0.6631747728725315
R1028,0.4,0.8223723458399597
R1029,0.4,0.6124254077907308
R1030,0.5,0.844702407490702
R1031,0.5,0.8495981447350542
R1032,0.5,0.9121559825872435
R1033,0.6,0.7859363362324141
R1034,0.5,0.6479876501461626
R1035,0.6,0.6781191542888785
R1036,0.7,0.7027000139797092
R1037,0.7,0.9184282532507122
R1038,0.8,0.7698461250098078
R1039,0.4,0.5045320587035326
R1040,0.3,0.5780136823717549
R1041,0.5,0.6419273807555542
R1042,0.5,0.7671013212946428
R1043,0.3,0.5508095940041026
R1044,0.4,0.5433536754396464
R1045,0.4,0.867043684838194
R1046,0.4,0.587524082207892
R1047,0.4,0.8207149601443599
R1048,0.3,0.6112833214150002
R1049,0.4,0.7724080541825131
R1050,0.5,0.6326891704378731
R1051,0.4,0.8667163765466582
R1052,0.3,0.4792350074047671
R1053,0.4,0.810582531061383
R1054,0.4,0.6533933590057491
R1055,0.3,0.499800561367962
R1056,0.2,0.6240505200038379
R1057,0.5,0.6031171482531632
R1058,0.6,0.9372375429818208
R1059,0.6,0.6346071020639826
R1060,0.5,0.7238619723738529
R1061,0.4,0.867043684838194
R1062,0.3,0.49418556194058083
R1063,0.3,0.55744812840856
R1064,0.5,0.5953592473115411
R1065,0.5,0.7486361493410435
R1066,0.4,0.5051791985607764
R1067,0.4,0.5868769423506482
R1068,0.6,0.7467049735455016
R1069,0.5,0.7064104889703594
R1070,0.4,0.6152188821268791
R1071,0.6,0.8753369846165927
R1072,0.6,0.6894088675131275
R1073,0.3,0.8072467605676945
R1074,0.2,0.5437713091520254
R1075,0.3,0.5518331289811786
R1076,0.7,0.8513372772927026
R1077,0.5,0.8663365527202843
R1078,0.6,0.844330763384584
R1079,0.2,0.42177340954886444
R1080,0.4,0.8773497378596238
R1081,0.5,0.7780573279296032
R1082,0.5,0.7593434203530206
R1083,0.3,0.44407940125847906
R1084,0.5,0.9121559825872435
R1085,0.4,0.8036070421010475
R1086,0.3,0.8529278650606567
R1087,0.6,0.712833404970963
R1088,0.7,0.9103499485143787
R1089,0.5,0.7671013212946428
R1090,0.6,0.8980061802949083
R1091,0.5,0.8151303853059922
R1092,0.5,0.8393423304510702
R1093,0.6,0.7945570282173817
R1094,0.3,0.5323325778787926
R1095,0.4,0.6170963711982227
R1096,0.6,0.9067142126079019
R1097,0.2,0.45560514958746035
R1098,0.4,0.6677078027129131
R1099,0.5,0.5591461935333684
R1100,0.3,0.7844801364718914
R1101,0.4,0.7773960039392073
R1102,0.4,0.7606395682357036
R1103,0.3,0.5173087569496825
R1104,0.4,0.7979719524871096
R1105,0.4,0.8036070421010475
R1106,0.3,0.4899692203633839
R1107,0.6,0.8068857496524254
R1108,0.7,0.7729117820572332
R1109,0.3,0.7669719408901708
R1110,0.7,0.8196683128314595
R1111,0.5,1.0
R1112,0.7,0.8703926507944851
R1113,0.5,0.7671013212946428
R1114,0.3,0.5498407734605132
R1115,0.3,0.5049197748991976
R1116,0.5,0.7780573279296032
R1117,0.5,0.6565062893041446
R1118,0.3,0.4736200079773859
R1119,0.5,0.6858983354753491
R1120,0.6,0.8294203610382852
R1121,0.6,0.7257275327064654
R1122,0.4,0.5115075476638682
R1123,0.3,0.7669719408901708
R1124,0.4,0.5891814679034919
R1125,0.6,0.9013071745310982
R1126,0.3,0.5173087569496825
R1127,0.7,0.8401381804368546
R1128,0.4,0.5813545283800633
R1129,0.4,0.7654325652221776
R1130,0.4,0.5883300173403988
R1131,0.4,0.7843714928995427
R1132,0.5,0.6035814880484429
R1133,0.5,0.8171325454050458
R1134,0.5,0.7923583684378549
R1135,0.4,0.815079870530422
R1136,0.5,0.6414921733776295
R1137,0.4,0.8207149601443599
R1138,0.7,0.937107297164978
R1139,0.3,0.618890676363047
R1140,0.4,0.7565030690421025
R1141,0.4,0.5478510149086853
R1142,0.8,0.9165542635924873
R1143,0.6,0.724035777867186
R1144,0.6,0.6635732618910778
R1145,0.6,0.6894088675131275
R1146,0.3,0.45646838330896394
R1147,0.5,0.8712322899646365
R1148,0.5,0.8002671129756275
R1149,0.4,0.5659840074535436
R1150,0.3,0.47084972088011423
R1151,0.3,0.7737459235132745
R1152,0.4,0.5702425402261267
R1153,0.6,0.8583865208653804
R1154,0.4,0.5938524313109838
R1155,0.5,0.6341694798139321
R1156,0.5,0.816570313582933
R1157,0.6,0.844330763384584
R1158,0.4,0.5548265038690208
R1159,0.6,0.9013071745310982
R1160,0.7,0.6631747728725315
R1161,0.5,0.8211906546966005
R1162,0.4,0.5891814679034919
R1163,0.5,0.6528833873905147
R1164,0.6,0.7467049735455016
R1165,0.5,0.8393423304510702
R1166,0.5,0.6266289010472648
R1167,0.6,0.9001715370445235
R1168,0.4,0.555143490218223
R1169,0.4,0.6891352018239085
R1170,0.6,0.9199753853803092
R1171,0.5,0.6811534418271471
R1172,0.4,0.5115075476638682
R1173,0.5,0.8442380676954222
R1174,0.4,0.6379893060953273
R1175,0.3,0.7669719408901708
R1176,0.7,0.8776493998558375
R1177,0.7,0.8401381804368546
R1178,0.4,0.7843714928995427
R1179,0.6,0.8684153012583529
R1180,0.4,0.7327711443782634
R1181,0.3,0.4736200079773859
R1182,0.3,0.4860089900278708
R1183,0.6,0.8839764150728311
R1184,0.4,0.5330476224182167
R1185,0.3,0.5881601264058984
R1186,0.4,0.8726787744521319
R1187,0.5,0.9277589908435726
R1188,0.5,0.7297713981683107
R1189,0.3,0.5498407734605132
R1190,0.4,0.6271823208439088
R1191,0.6,0.9445735153413951
R1192,0.5,0.6657041185227075
R1193,0.3,0.45646838330896394
R1194,0.4,0.5115075476638682
R1195,0.5,0.8063273823662358
R1196,0.4,0.5260721334578811
R1197,0.4,0.5204370438439433
R1198,0.3,0.4860089900278708
R1199,0.3,0.499800561367962
R1200,0.4,0.6213549039708058
R1201,0.5,0.8393423304510702
R1202,0.4,0.5548265038690208
R1203,0.4,0.7397466333385988
R1204,0.4,0.5171426372778061
R1205,0.4,0.6574017496914832
R1206,0.6,0.8943854911728584
R1207,0.4,0.7843714928995427
R1208,0.4,0.5478510149086853
R1209,0.6,0.8112537795184348
R1210,0.5,0.6414921733776295
R1211,0.3,0.5498407734605132
R1212,0.3,0.55744812840856
R1213,0.5,0.7780573279296032
R1214,0.4,0.49256861998650303
R1215,0.5,0.6569414966820692
R1216,0.2,0.6509209298071326
R1217,0.5,0.8211906546966005
R1218,0.5,0.9747429528567877
R1219,0.6,0.8240133229614812
R1220,0.4,0.5548265038690208
R1221,0.3,0.4592386704062355
R1222,0.4,0.644964795055663
R1223,0.3,0.499800561367962
R1224,0.6,0.7852835896039293
R1225,0.3,0.5105347743265789
R1226,0.5,0.8954442351097145
R1227,0.5,0.8738100898801322
R1228,0.4,0.6379893060953273
R1229,0.2,0.4415801103577823
R1230,0.5,0.5701022001683288
R1231,0.4,0.5260721334578811
R1232,0.6,0.7500059677816915
R1233,0.2,0.7977228895450266
R1234,0.4,0.8207149601443599
R1235,0.4,0.640293831648171
R1236,0.2,0.6509209298071326
R1237,0.6,0.8807440226933967
R1238,0.4,0.644964795055663
R1239,0.6,0.7945570282173817
R1240,0.5,0.8275263202178935
R1241,0.5,0.8490359129129414
R1242,0.9,0.9504206262110482
R1243,0.2,0.8315546295836225
R1244,0.3,0.5430667908374095
R1245,0.3,0.4592386704062355
R1246,0.3,0.7529716549381369
R1247,0.3,0.5316900945208328
R1248,0.2,0.8175295903539445
R1249,0.5,0.678140434533727
R1250,0.6,0.8112537795184348
R1251,0.6,0.840710074262534
R1252,0.4,0.49256861998650303
R1253,0.4,0.5260721334578811
R1254,0.3,0.5518331289811786
R1255,0.4,0.6574017496914832
R1256,0.4,0.5667899425860504
R1257,0.4,0.867043684838194
R1258,0.3,0.47084972088011423
R1259,0.4,0.7701035286296695
R1260,0.4,0.5702425402261267
R1261,0.4,0.5818889925939541
R1262,0.4,0.8215664107074527
R1263,0.5,0.6139752628612906
R1264,0.3,0.6112833214150002
R1265,0.3,0.4652347214527331
R1266,0.4,0.5478510149086853
R1267,0.3,0.4792350074047671
R1268,0.2,0.3706656904013186
R1269,0.4,0.7890424563070345
R1270,0.3,0.4457341703503471
R1271,0.4,0.644964795055663
R1272,0.5,0.5800697352543414
R1273,0.1,0.31546487678572877
R1274,0.5,0.6960167141575119
R1275,0.4,0.5891814679034919
R1276,0.4,0.8061503743503469
R1277,0.4,0.6153925060653322
R1278,0.5,0.7821154372211577
R1279,0.7,0.9103499485143787
R1280,0.3,0.4899692203633839
R1281,0.7,0.9561626706667605
R1282,0.4,0.6533933590057491
R1283,0.5,0.8275263202178935
R1284,0.5,0.6266289010472648
R1285,0.5,0.7774950961074903
R1286,0.5,0.7113062262147116
R1287,0.4,0.8036070421010475
R1288,0.3,0.5498407734605132
R1289,0.6,0.8887327416814557
R1290,0.6,0.8785693769960273
R1291,0.5,0.7821154372211577
R1292,0.5,0.8110722760144377
R1293,0.4,0.640293831648171
R1294,0.4,0.8223723458399597
R1295,0.5,0.725124396546942
R1296,0.3,0.5323325778787926
R1297,0.4,0.7773960039392073
R1298,0.5,0.5890235817902482
R1299,0.7,0.8654810349838411
R1300,0.5,0.5652064629239767
R1301,0.4,0.7946775459209724
R1302,0.4,0.7508679794281646
R1303,0.4,0.7945039219825193
R1304,0.5,0.8063273823662358
R1305,0.6,0.7945570282173817
R1306,0.3,0.5256940434743352
R1307,0.5,0.7925092120340054
R1308,0.4,0.5495084006042852
R1309,0.5,0.8219303906225648
R1310,0.3,0.8519590445170673
R1311,0.3,0.5256940434743352
R1312,0.5,0.7925092120340054
R1313,0.3,0.7669719408901708
R1314,0.4,0.5431800515011934
R1315,0.4,0.9058653015743079
R1316,0.5,0.5849654724986935
R1317,0.4,0.6062893859468041
R1318,0.6,0.840710074262534
R1319,0.3,0.4967432029864875
R1320,0.5,0.8738100898801322
R1321,0.6,0.8839764150728311
R1322,0.4,0.5938524313109838
R1323,0.5,0.6035814880484429
R1324,0.5,0.9228632535992205
R1325,0.5,0.6821985438252814
R1326,0.6,0.8112537795184348
R1327,0.3,0.4736200079773859
R1328,0.4,0.815079870530422
R1329,0.3,0.4401191709229659
R1330,0.5,0.7925092120340054
R1331,0.5,0.7962090036840728
R1332,0.3,0.5105347743265789
R1333,0.4,0.5891814679034919
R1334,0.3,0.4843542209360027
R1335,0.3,0.49141527484330916
R1336,0.3,0.6112833214150002
R1337,0.5,0.6858983354753491
R1338,0.5,0.6746579650586142
R1339,0.7,0.8908625183998803
R1340,0.7,0.8513372772927026
R1341,0.4,0.5646074506121889
R1342,0.4,0.5375449618872555
R1343,0.6,0.6824871841548877
R1344,0.4,0.8207149601443599
R1345,0.3,0.7844801364718914
R1346,0.6,0.6688457156754258
R1347,0.4,0.5218136006852979
R1348,0.5,0.6669000641169921
R1349,0.4,0.7843714928995427
R1350,0.3,0.43334518829986224
R1351,0.5,0.637792381727562
R1352,0.2,0.5249810332008933
R1353,0.4,0.8843252268199594
R1354,0.4,0.7654325652221776
R1355,0.4,0.8207149601443599
R1356,0.5,0.7780573279296032
R1357,0.5,0.5849654724986935
R1358,0.3,0.6340499455108034
R1359,0.4,0.6198898455343711
R1360,0.5,0.7925092120340054
R1361,0.4,0.7597974756082397
R1362,0.7,0.8743604579832849
R1363,0.5,0.8386421381000938
R1364,0.4,0.5307430968653729
R1365,0.5,0.7835553654980985
R1366,0.5,0.6583814249590101
R1367,0.5,0.8789901909062586
R1368,0.2,0.3706656904013186
R1369,0.5,0.7821154372211577
R1370,0.4,0.5377185858257085
R1371,0.4,0.5667899425860504
R1372,0.5,0.8345840288085391
R1373,0.2,0.8315546295836225
R1374,0.5,0.6419273807555542
R1375,0.7,0.7449769855560072
R1376,0.2,0.48247555939075504
R1377,0.5,0.7094100882694506
R1378,0.5,0.8599919195479018
R1379,0.5,0.5741603094598835
R1380,0.6,0.6861078732769376
R1381,0.6,0.6984365947119812
R1382,0.6,0.870715242300424
R1383,0.5,0.8712322899646365
R1384,0.5,0.6455502826691841
R1385,0.4,0.5994875209249216
R1386,0.4,0.8796542634124673
R1387,0.3,0.4860089900278708
R1388,0.4,0.5604615934829587
R1389,0.4,0.5604615934829587
R1390,0.3,0.5726073975563163
R1391,0.3,0.5988943393645153
R1392,0.5,0.5652064629239767
R1393,0.2,0.41443699955334395
R1394,0.2,0.3889580943680543
R1395,0.6,0.7424242840075184
R1396,0.5,0.6031171482531632
R1397,0.3,0.5065745439910657
R1398,0.4,0.5938524313109838
R1399,0.5,0.5890235817902482
R1400,0.4,0.8207149601443599
R1401,0.7,0.8981192674612326
R1402,0.5,0.8886733622104969
R1403,0.5,0.7671013212946428
R1404,0.3,0.5400753810454857
R1405,0.5,0.7923583684378549
R1406,0.4,0.5115075476638682
R1407,0.3,0.5498407734605132
R1408,0.4,0.6153925060653322
R1409,0.4,0.5938524313109838
R1410,0.4,0.5548265038690208
R1411,0.4,0.6766372988929881
R1412,0.5,0.8934420750106609
R1413,0.3,0.5105347743265789
R1414,0.3,0.4401191709229659
R1415,0.1,0.38685280723454163
R1416,0.5,0.5800697352543414
R1417,0.6,0.8245149522908418
R1418,0.4,0.5818889925939541
R1419,0.3,0.4792350074047671
R1420,0.6,0.8900174613068491
R1421,0.2,0.430624116386567
R1422,0.4,0.5501555404615289
R1423,0.3,0.5065745439910657
R1424,0.5,0.8214660508272851
R1425,0.1,0.31546487678572877
R1426,0.0,0.0
R1427,0.5,0.8002671129756275
R1428,0.5,0.6229291093971974
R1429,0.3,0.49418556194058083
R1430,0.4,0.6325004241086446
R1431,0.4,0.7654325652221776
R1432,0.1,0.5
R1433,0.5,0.8352842211595156
R1434,0.3,0.4652347214527331
R1435,0.3,0.8072467605676945
R1436,0.4,0.7654325652221776
R1437,0.2,0.45749452618986164
R1438,0.3,0.8179809735263114
R1439,0.3,0.5316900945208328
R1440,0.5,0.7925092120340054
R1441,0.4,0.653894291235738
R1442,0.5,0.5409945177788987
R1443,0.3,0.4716276524567204
R1444,0.6,0.8851120525594057
R1445,0.5,0.8393423304510702
R1446,0.3,0.4652347214527331
R1447,0.6,0.8014787115756216
R1448,0.6,0.8803557259507812
R1449,0.4,0.6677078027129131
R1450,0.4,0.5098501619682683
R1451,0.4,0.7654325652221776
R1452,0.5,0.6365964361332774
R1453,0.3,0.7461976723150332
R1454,0.5,0.7821154372211577
R1455,0.4,0.6124254077907308
R1456,0.3,0.5256940434743352
R1457,0.4,0.6330013563386333
R1458,0.5,0.7884511027424507
R1459,0.4,0.8326783988613894
R1460,0.7,0.901117806633884
R1461,0.5,0.6326891704378731
R1462,0.3,0.55744812840856
R1463,0.6,0.7424242840075184
R1464,0.4,0.5757194387661255
R1465,0.3,0.5256940434743352
R1466,0.3,0.6112833214150002
R1467,0.7,0.7809900867935667
R1468,0.3,0.6546154994739983
R1469,0.4,0.555143490218223
R1470,0.5,0.8510380730119949
R1471,0.4,0.5045320587035326
R1472,0.5,0.6132355269353261
R1473,0.4,0.5938524313109838
R1474,0.3,0.5049197748991976
R1475,0.7,0.7182196369054078
R1476,0.2,0.36181498356361597
R1477,0.5,0.6031171482531632
R1478,0.4,0.8843252268199594
R1479,0.5,0.6365964361332774
R1480,0.5,0.7962090036840728
R1481,0.5,0.7925092120340054
R1482,0.5,0.6132355269353261
R1483,0.4,0.8036070421010475
R1484,0.4,0.6829656479960798
R1485,0.5,0.8158701212319567
R1486,0.7,0.9530418785472459
R1487,0.6,0.8411243632638686
R1488,0.4,0.6213549039708058
R1489,0.7,0.9136388903869314
R1490,0.4,0.5548265038690208
R1491,0.5,0.7962090036840728
R1492,0.6,0.8294203610382852
R1493,0.3,0.4899692203633839
R1494,0.5,0.9043980816456213
R1495,0.3,0.49418556194058083
R1496,0.5,0.5953592473115411
R1497,0.5,0.7962090036840728
R1498,0.5,0.7238619723738529
R1499,0.5,0.8442380676954222
R1500,0.3,0.48580027541592796
R1501,0.7,0.858594026354055
R1502,0.5,0.6132355269353261
R1503,0.5,0.5740094658637331
R1504,0.5,0.7884511027424507
R1505,0.4,0.5667899425860504
R1506,0.4,0.7890424563070345
R1507,0.3,0.4860089900278708
R1508,0.3,0.7988614740430418
R1509,0.3,0.4792350074047671
R1510,0.7,0.8743604579832849
R1511,0.3,0.5256940434743352
R1512,0.5,0.8112231196105879
R1513,0.4,0.7654325652221776
R1514,0.5,0.6365964361332774
R1515,0.5,0.5701022001683288
R1516,0.3,0.4592386704062355
R1517,0.1,0.43067655807339306
R1518,0.2,0.41183384043543503
R1519,0.4,0.8396538878217249
R1520,0.5,0.8063273823662358
R1521,0.6,0.8497378014613879
R1522,0.2,0.39780880120575696
R1523,0.4,0.777079017590005
R1524,0.4,0.7890424563070345
R1525,0.4,0.5598144536257148
R1526,0.4,0.6821597128635729
R1527,0.3,0.5726073975563163
R1528,0.3,0.7844801364718914
R1529,0.6,0.8357173251870647
R1530,0.4,0.7486761295186739
R1531,0.5,0.6960167141575119
R1532,0.4,0.5330476224182167
R1533,0.3,0.8385465274895063
R1534,0.4,0.815079870530422
R1535,0.4,0.5330476224182167
R1536,0.6,0.9103349017299518
R1537,0.3,0.7585866543655181
R1538,0.3,0.5173087569496825
R1539,0.4,0.7508679794281646
R1540,0.5,0.8151303853059922
R1541,0.5,0.8112231196105879
R1542,0.3,0.5931729515195112
R1543,0.6,0.8497378014613879
R1544,0.5,0.66200432687264
R1545,0.3,0.45646838330896394
R1546,0.6,0.9328695131158116
R1547,0.5,0.6132355269353261
R1548,0.4,0.5938524313109838
R1549,0.4,0.5667899425860504
R1550,0.4,0.8547529378296287
R1551,0.6,0.8294203610382852
R1552,0.4,0.5813545283800633
R1553,0.3,0.5400753810454857
R1554,0.3,0.8179809735263114
R1555,0.2,0.48247555939075504
R1556,0.5,0.8022692730746812
R1557,0.3,0.5430667908374095
R1558,0.5,0.5513882925917464
R1559,0.5,0.8260863919409527
R1560,0.4,0.6891352018239085
R1561,0.4,0.6386364459525712
R1562,0.5,0.6367472797294277
R1563,0.4,0.7890424563070345
R1564,0.3,0.8194270280062366
R1565,0.6,0.923596074502359
R1566,0.7,0.8908625183998803
R1567,0.3,0.4843542209360027
R1568,0.4,0.6325004241086446
R1569,0.4,0.6379893060953273
R1570,0.5,0.8677498204895239
R1571,0.6,0.7164540940930129
R1572,0.4,0.5938524313109838
R1573,0.4,0.6260258673782978
R1574,0.4,0.5377185858257085
R1575,0.5,0.6811534418271471
R1576,0.5,0.9043980816456213
R1577,0.2,0.430624116386567
R1578,0.4,0.5307430968653729
R1579,0.6,0.6894088675131275
R1580,0.3,0.5249161118977292
R1581,0.4,0.5868769423506482
R1582,0.2,0.41183384043543503
R1583,0.3,0.5051284895111403
R1584,0.4,0.6198898455343711
R1585,0.3,0.7669719408901708
R1586,0.3,0.4652347214527331
R1587,0.5,0.6181312641796782
R1588,0.4,0.5204370438439433
R1589,0.4,0.6325004241086446
R1590,0.6,0.8374090800263443
R1591,0.4,0.9223260797603763
R1592,0.4,0.6325004241086446
R1593,0.4,0.7701035286296695
R1594,0.6,0.7852835896039293
R1595,0.5,0.7780573279296032
R1596,0.3,0.5430667908374095
R1597,0.4,0.5724250321999883
R1598,0.5,0.6084772252927951
R1599,0.4,0.8494348345648929
R1600,0.4,0.7611740324495944
R1601,0.5,0.8510380730119949
R1602,0.7,0.8776493998558375
R1603,0.4,0.8796542634124673
R1604,0.4,0.7843714928995427
R1605,0.5,0.7190641271563337
R1606,0.6,0.6995722321985558
R1607,0.4,0.7611740324495944
R1608,0.5,0.6479876501461626
R1609,0.3,0.5316900945208328
R1610,0.1,0.43067655807339306
R1611,0.4,0.6165954389682339
R1612,0.6,0.6130049420154864
R1613,0.7,0.7449769855560072
R1614,0.6,0.9032786340792565
R1615,0.2,0.48247555939075504
R1616,0.4,0.810582531061383
R1617,0.4,0.5171426372778061
R1618,0.5,0.8110722760144377
R1619,0.6,0.7031929213206057
R1620,0.3,0.5173087569496825
R1621,0.4,0.5375449618872555
R1622,0.6,0.8807440226933967
R1623,0.3,0.5723986829443736
R1624,0.3,0.47084972088011423
R1625,0.3,0.45846073882962946
R1626,0.2,0.40298313359773236
R1627,0.3,0.6005491084563833
R1628,0.2,0.45560514958746035
R1629,0.6,0.7945570282173817
R1630,0.5,0.66200432687264
R1631,0.5,0.8296882915641869
R1632,0.2,0.41183384043543503
R1633,0.4,0.5883300173403988
R1634,0.5,0.6673352714949169
R1635,0.6,0.9049278636531481
R1636,0.7,0.9014705255149352
R1637,0.3,0.7720911544214064
R1638,0.4,0.7773960039392073
R1639,0.2,0.5640920940185894
R1640,0.4,0.5260721334578811
R1641,0.4,0.5883300173403988
R1642,0.6,0.8374090800263443
R1643,0.5,0.8752903992561912
R1644,0.5,0.7671013212946428
R1645,0.3,0.6797310500037655
R1646,0.5,0.6229291093971974
R1647,0.4,0.6505998846696008
R1648,0.3,0.5937751258332797
R1649,0.4,0.8927537907700456
R1650,0.4,0.5772180291864623
R1651,0.4,0.6153925060653322
R1652,0.4,0.653894291235738
R1653,0.3,0.5400753810454857
R1654,0.5,0.6899564447669037
R1655,0.4,0.6955762265703532
R1656,0.5,0.5513882925917464
R1657,0.5,0.5975212186578347
R1658,0.5,0.7925092120340054
R1659,0.4,0.7979719524871096
R1660,0.4,0.5667899425860504
R1661,0.4,0.49954410894683854
R1662,0.7,0.9531641314941091
R1663,0.4,0.7773960039392073
R1664,0.5,0.8663365527202843
R1665,0.5,0.6565062893041446
R1666,0.8,0.9424720919083772
R1667,0.5,0.6858983354753491
R1668,0.7,0.8867592887894689
R1669,0.7,0.907229156394864
R1670,0.7,0.9136388903869314
R1671,0.9,0.9895948844467957
R1672,0.5,0.8502983370860306
R1673,0.5,0.8699594546339143
R1674,0.6,0.8636589746497284
R1675,0.7,0.8824387627196182
R1676,0.6,0.8497378014613879
R1677,0.6,0.8616875151015702
R1678,0.8,0.9053568677805113
R1679,0.5,0.6750931724365389
R1680,0.6,0.8753369846165927
R1681,0.5,0.8549453387073992
R1682,0.6,0.9145683473035052
R1683,0.5,0.831584429509448
R1684,0.5,0.725124396546942
R1685,0.6,0.8846104232300454
R1686,0.4,0.5813545283800633
R1687,0.6,0.6952042023325464
R1688,0.5,0.8740944536619065
R1689,0.4,0.610960349354296
R1690,0.4,0.8396538878217249
R1691,0.5,0.9182162519778516
R1692,0.6,0.8932498536862836
R1693,0.6,0.7257275327064654
R1694,0.6,0.7852835896039293
R1695,0.4,0.7611740324495944
R1696,0.7,0.858594026354055
R1697,0.5,0.8112231196105879
R1698,0.6,0.6897971642557428
R1699,0.7,0.8775271469089744
R1700,0.4,0.5993138969864685
R1701,0.7,0.858594026354055
R1702,0.5,0.6455502826691841
R1703,0.6,0.9147029315959612
R1704,0.5,0.9456352704673577
R1705,0.2,0.7977228895450266
R1706,0.7,0.9014705255149352
R1707,0.4,0.8843252268199594
R1708,0.6,0.7387162545574424
R1709,0.4,0.5548265038690208
R1710,0.4,0.8485833840018
R1711,0.5,0.7835553654980985
R1712,0.5,0.8602762833296762
R1713,0.5,0.8364801667538002
R1714,0.6,0.9067142126079019
R1715,0.5,0.5890235817902482
R1716,0.6,0.8337883909042945
R1717,0.7,0.8196683128314595
R1718,0.6,0.6736020422840504
R1719,0.3,0.5797748398812457
R1720,0.5,0.8308842371584716
R1721,0.6,0.7848693006025946
R1722,0.3,0.86034433104172
R1723,0.6,0.8014787115756216
R1724,0.4,0.7827141072039429
R1725,0.5,0.8002671129756275
R1726,0.5,0.8502983370860306
R1727,0.7,0.8317144247565925
R1728,0.5,0.8002671129756275
R1729,0.4,0.7717609143252694
R1730,0.7,0.8464256614820586
R1731,0.6,0.8583865208653804
R1732,0.7,0.907229156394864
R1733,0.4,0.5710484753586336
R1734,0.4,0.5667899425860504
R1735,0.6,0.8014787115756216
R1736,0.5,0.8211906546966005
R1737,0.6,0.8807440226933967
R1738,0.4,0.8215664107074527
R1739,0.6,0.7945570282173817
R1740,0.8,0.8918195074012367
R1741,0.7,0.906029422444528
R1742,0.7,0.9256850023120645
R1743,0.5,0.8830483001978133
R1744,0.6,0.8753369846165927
R1745,0.7,0.8867592887894689
R1746,0.5,0.7336220334145286
R1747,0.5,0.8550961823035496
R1748,0.6,0.6781191542888785
R1749,0.5,0.9182162519778516
R1750,0.5,0.80737248436437
R1751,0.5,0.8891085695884217
R1752,0.4,0.644964795055663
R1753,0.4,0.8276904491046954
R1754,0.6,0.8887327416814557
R1755,0.3,0.499800561367962
R1756,0.5,0.6750931724365389
R1757,0.6,0.8583865208653804
R1758,0.5,0.7821154372211577
R1759,0.8,0.9053568677805113
R1760,0.6,0.8068857496524254
R1761,0.4,0.7654325652221776
R1762,0.6,0.8541058313273973
R1763,0.6,0.8653082042236201
R1764,0.6,0.8147398843480288
R1765,0.3,0.6112833214150002
R1766,0.6,0.8287956418288249
R1767,0.5,0.8110722760144377
R1768,0.5,0.8352842211595156
R1769,0.6,0.7031929213206057
R1770,0.6,0.9049278636531481
R1771,0.6,0.6995722321985558
R1772,0.7,0.8507697982583751
R1773,0.5,0.8171325454050458
R1774,0.4,0.8036070421010475
R1775,0.7,0.858594026354055
R1776,0.8,0.9138523351597089
R1777,0.6,0.8497378014613879
R1778,0.6,0.8374090800263443
R1779,0.4,0.9058653015743079
R1780,0.6,0.8547658317433304
R1781,0.5,0.6455502826691841
R1782,0.8,0.9670943502702473
R1783,0.6,0.8287956418288249
R1784,0.4,0.8899603164338973
R1785,0.5,0.7780573279296032
R1786,0.5,0.7925092120340054
R1787,0.5,0.831584429509448
R1788,0.5,0.7821154372211577
R1789,0.6,0.8201469224248326
R1790,0.5,0.8934420750106609
R1791,0.6,0.8943854911728584
R1792,0.8,0.7873809837758803
R1793,0.4,0.838847952689218
R1794,0.6,0.8541058313273973
R1795,0.4,0.8421423592553552
R1796,0.3,0.511558309303655
R1797,0.4,0.7724080541825131
R1798,0.7,0.9341087579923265
R1799,0.3,0.7988614740430418
R1800,0.6,0.8201469224248326
R1801,0.6,0.897617883552293
R1802,0.4,0.5098501619682683
R1803,0.4,0.6213549039708058
R1804,0.5,0.6031171482531632
R1805,0.3,0.8179809735263114
R1806,0.6,0.8943854911728584
R1807,0.5,0.8752903992561912
R1808,0.4,0.5115075476638682
R1809,0.7,0.89483032558868
R1810,0.5,0.6583814249590101
R1811,0.6,0.9076466639452654
R1812,0.4,0.8276904491046954
R1813,0.5,0.8891085695884217
R1814,0.5,0.8850504602968671
R1815,0.4,0.5478510149086853
R1816,0.5,0.7962090036840728
R1817,0.6,0.897617883552293
R1818,0.6,0.9448192267559941
R1819,0.5,0.9182162519778516
R1820,0.6,0.6389751319299919
R1821,0.4,0.7827141072039429
R1822,0.6,0.8684153012583529
R1823,0.7,0.8401381804368546
R1824,0.5,0.7593434203530206
R1825,0.5,0.8002671129756275
R1826,0.6,0.9103349017299518
R1827,0.5,0.6229291093971974
R1828,0.5,0.8891085695884217
R1829,0.5,0.7962090036840728
R1830,0.5,0.6367472797294277
R1831,0.3,0.7844801364718914
R1832,0.2,0.41183384043543503
R1833,0.5,0.8151303853059922
R1834,0.6,0.8148744686404846
R1835,0.6,0.6292000639871788
R1836,0.6,0.9032786340792565
R1837,0.5,0.6341694798139321
R1838,0.7,0.8513372772927026
R1839,0.5,0.6569414966820692
R1840,0.5,0.6569414966820692
R1841,0.5,0.6821985438252814
R1842,0.6,0.8965508479224736
R1843,0.7,0.9325720109418508
R1844,0.7,0.858594026354055
R1845,0.4,0.7724080541825131
R1846,0.6,0.8887327416814557
R1847,0.7,0.907229156394864
R1848,0.5,0.6132355269353261
R1849,0.6,0.870715242300424
R1850,0.6,0.9651366671790967
R1851,0.6,0.8497378014613879
R1852,0.4,0.7979719524871096
R1853,0.6,0.8705806580079682
R1854,0.5,0.6132355269353261
R1855,0.7,0.9014705255149352
R1856,0.3,0.6196686079396531
R1857,0.6,0.9076466639452654
R1858,0.6,0.6897971642557428
R1859,0.4,0.7611740324495944
R1860,0.4,0.8547529378296287
R1861,0.7,0.9063821413255789
R1862,0.4,0.6271823208439088
R1863,0.4,0.7890424563070345
R1864,0.4,0.6492233278282461
R1865,0.5,0.6337342724360074
R1866,0.4,0.8332128630752801
R1867,0.5,0.8364801667538002
R1868,0.8,0.9165542635924873
R1869,0.5,0.6967564500834763
R1870,0.6,0.8294203610382852
R1871,0.5,0.9818483242455303
R1872,0.6,0.8068857496524254
R1873,0.6,0.9045395669105326
R1874,0.6,0.6894088675131275
R1875,0.6,0.8887327416814557
R1876,0.7,0.895183044469731
R1877,0.5,0.8260863919409527
R1878,0.4,0.8276904491046954
R1879,0.3,0.5400753810454857
R1880,0.5,0.8364801667538002
R1881,0.5,0.6516105520597925
R1882,0.5,0.6669000641169921
R1883,0.6,0.8148744686404846
R1884,0.6,0.5997437692430793
R1885,0.4,0.5749135036336186
R1886,0.6,0.8357173251870647
R1887,0.4,0.7820669673466991
R1888,0.5,0.7925092120340054
R1889,0.6,0.9067142126079019
R1890,0.4,0.7508679794281646
R1891,0.7,0.858594026354055
R1892,0.2,0.8503449055347546
R1893,0.4,0.7438924904678291
R1894,0.4,0.7946775459209724
R1895,0.5,0.8752903992561912
R1896,0.5,0.773161590685251
R1897,0.5,0.80737248436437
R1898,0.4,0.7611740324495944
R1899,0.5,0.5994173566030957
R1900,0.6,0.7031929213206057
R1901,0.7,0.7577448780125856
R1902,0.3,0.4860089900278708
R1903,0.6,0.7852835896039293
R1904,0.6,0.712833404970963
R1905,0.5,0.8063273823662358
R1906,0.5,0.8940043068327737
R1907,0.5,0.6673352714949169
R1908,0.7,0.8401381804368546
R1909,0.5,0.8061765387700855
R1910,0.5,0.8990671370233444
R1911,0.5,0.7962090036840728
R1912,0.5,0.6419273807555542
R1913,0.6,0.8785693769960273
R1914,0.4,0.8262373741149447
R1915,0.4,0.7701035286296695
R1916,0.5,0.7925092120340054
R1917,0.4,0.7946775459209724
R1918,0.7,0.895183044469731
R1919,0.4,0.810582531061383
R1920,0.6,0.8887327416814557
R1921,0.3,0.44407940125847906
R1922,0.5,0.7835553654980985
R1923,0.5,0.8940043068327737
R1924,0.4,0.5218136006852979
R1925,0.5,0.8502983370860306
R1926,0.4,0.8036070421010475
R1927,0.7,0.858594026354055
R1928,0.7,0.9063821413255789
R1929,0.5,0.9434732991210639
R1930,0.6,0.7852835896039293
R1931,0.6,0.9013071745310982
R1932,0.5,0.8112231196105879
R1933,0.6,0.8896291645642339
R1934,0.8,0.9851514063429595
R1935,0.5,0.8393423304510702
R1936,0.5,0.9182162519778516
R1937,0.6,0.8785693769960273
R1938,0.1,0.3562071871080222
R1939,0.3,0.7720911544214064
R1940,0.4,0.6330013563386333
R1941,0.5,0.5701022001683288
R1942,0.4,0.8207149601443599
R1943,0.5,0.9121559825872435
R1944,0.5,0.8663365527202843
R1945,0.5,0.7835553654980985
R1946,0.5,0.7634994216714083
R1947,0.5,0.6516105520597925
R1948,0.5,0.5975212186578347
R1949,0.4,0.8061503743503469
R1950,0.4,0.5604615934829587
R1951,0.6,0.8240133229614812
R1952,0.6,0.9099466049873366
R1953,0.4,0.7654325652221776
R1954,0.5,0.7925092120340054
R1955,0.6,0.9049278636531481
R1956,0.6,0.6952042023325464
R1957,0.6,0.8147398843480288
R1958,0.5,0.8940043068327737
R1959,0.4,0.6533933590057491
R1960,0.6,0.8068857496524254
R1961,0.5,0.6811534418271471
R1962,0.5,0.637792381727562
R1963,0.4,0.5598144536257148
R1964,0.5,0.9221235176732561
R1965,0.4,0.8223723458399597
R1966,0.7,0.9594516125393133
R1967,0.6,0.8281356414128918
R1968,0.7,0.9341087579923265
R1969,0.5,0.8502983370860306
R1970,0.7,0.8401381804368546
R1971,0.7,0.8507697982583751
R1972,0.6,0.8337883909042945
R1973,0.4,0.9267582364714125
R1974,0.4,0.5218136006852979
R1975,0.4,0.8036070421010475
R1976,0.7,0.8196683128314595
R1977,0.5,0.5994173566030957
R1978,0.5,0.8393423304510702
R1979,0.5,0.8275263202178935
R1980,0.6,0.9441592263400607
R1981,0.4,0.8036070421010475
R1982,0.7,0.9136388903869314
R1983,0.6,0.7467049735455016
R1984,0.5,0.7925092120340054
R1985,0.3,0.5065745439910657
R1986,0.6,0.9099466049873366
R1987,0.5,0.7738931964842558
R1988,0.5,0.831584429509448
R1989,0.5,0.6071752575447178
R1990,0.7,0.9414514339412945
R1991,0.8,0.7698461250098078
R1992,0.6,0.6635732618910778
R1993,0.5,0.8002671129756275
R1994,0.6,0.9147029315959612
R1995,0.4,0.7565030690421025
R1996,0.6,0.9032786340792565
R1997,0.5,0.6084772252927951
R1998,0.6,0.8491130822519277
R1999,0.4,0.8396538878217249
R2000,0.6,0.5997437692430793
R2001,0.7,0.7182196369054078
R2002,0.7,0.9325720109418508
R2003,0.4,0.5613130440460516
R2004,0.5,0.8442380676954222
R2005,0.4,0.5868769423506482
R2006,0.6,0.8014787115756216
R2007,0.6,0.8294203610382852
R2008,0.6,0.845492393129878
R2009,0.6,0.8147398843480288
R2010,0.5,0.7962090036840728
R2011,0.6,0.844330763384584
R2012,0.5,0.7884511027424507
R2013,0.4,0.8396538878217249
R2014,0.4,0.8667163765466582
R2015,0.5,0.80737248436437
R2016,0.3,0.8278123145308894
R2017,0.5,0.7962090036840728
R2018,0.5,0.8830483001978133
R2019,0.6,0.6995722321985558
R2020,0.4,0.810582531061383
R2021,0.6,0.8078182009897891
R2022,0.5,0.7962090036840728
R2023,0.5,0.8110722760144377
R2024,0.4,0.7701035286296695
R2025,0.4,0.777079017590005
R2026,0.6,0.836342044396525
R2027,0.6,0.9489415452074045
R2028,0.4,0.8932547230000344
R2029,0.6,0.9103349017299518
R2030,0.2,0.8772153153380493
R2031,0.6,0.9049278636531481
R2032,0.6,0.8807440226933967
R2033,0.4,0.7946775459209724
R2034,0.4,0.5216399767468448
R2035,0.6,0.7387162545574424
R2036,0.4,0.6330013563386333
R2037,0.6,0.9099466049873366
R2038,0.4,0.6533933590057491
R2039,0.5,0.6669000641169921
R2040,0.5,0.6710350631449843
R2041,0.3,0.9134015924715543
R2042,0.4,0.7724080541825131
R2043,0.3,0.4736200079773859
R2044,0.5,0.6565062893041446
R2045,0.4,0.810582531061383
R2046,0.6,0.8449907638005174
R2047,0.7,0.8553050844815022
R2048,0.3,0.4860089900278708
R2049,0.7,0.9014705255149352
R2050,0.5,0.5994173566030957
R2051,0.5,0.6528833873905147
R2052,0.5,0.6661393259006322
R2053,0.6,0.8078182009897891
R2054,0.4,0.8215664107074527
R2055,0.3,0.812653045383133
R2056,0.6,0.8148744686404846
R2057,0.5,0.773161590685251
R2058,0.8,0.7698461250098078
R2059,0.4,0.8285418996677884
R2060,0.3,0.7920874914199381
R2061,0.4,0.606790318176793
R2062,0.5,0.7821154372211577
R2063,0.4,0.5115075476638682
R2064,0.3,0.5374517914100283
R2065,0.5,0.6479876501461626
R2066,0.4,0.5218136006852979
R2067,0.4,0.5051791985607764
R2068,0.6,0.8281356414128918
R2069,0.6,0.8503978018773211
R2070,0.5,0.8260863919409527
R2071,0.5,0.8352842211595156
R2072,0.4,0.8547529378296287
R2073,0.4,0.801479410942855
R2074,0.4,0.7724080541825131
R2075,0.6,0.6635732618910778
R2076,0.6,0.845492393129878
R2077,0.4,0.5994875209249216
R2078,0.3,0.6005491084563833
R2079,0.4,0.6124254077907308
R2080,0.5,0.9270192549176081
R2081,0.4,0.6766372988929881
R2082,0.5,0.7913132664397207
R2083,0.4,0.8485833840018
R2084,0.4,0.6595293808496757
R2085,0.5,0.7134681975610053
R2086,0.6,0.8374090800263443
R2087,0.5,0.7016521873278284
R2088,0.6,0.8583865208653804
R2089,0.5,0.8255241601188398
R2090,0.3,0.6182885020492784
R2091,0.5,0.8061765387700855
R2092,0.6,0.923596074502359
R2093,0.5,0.8112231196105879
R2094,0.7,0.9714977244644463
R2095,0.4,0.7654325652221776
R2096,0.5,0.8602762833296762
R2097,0.6,0.9049278636531481
R2098,0.4,0.8036070421010475
R2099,0.3,0.49141527484330916
R2100,0.4,0.6379893060953273
R2101,0.4,0.6550972241386397
R2102,0.5,0.8002671129756275
R2103,0.6,0.8541058313273973
R2104,0.4,0.876848805629635
R2105,0.6,0.8281356414128918
R2106,0.7,1.0
R2107,0.6,0.8846104232300454
R2108,0.4,0.7508679794281646
R2109,0.5,0.5409945177788987
R2110,0.6,0.6736020422840504
R2111,0.4,0.7946775459209724
R2112,0.4,0.7611740324495944
R2113,0.5,0.8891085695884217
R2114,0.5,0.8502983370860306
R2115,0.5,0.8850504602968671
R2116,0.5,0.7821154372211577
R2117,0.1,1.0
R2118,0.7,0.8867592887894689
R2119,0.4,0.777079017590005
R2120,0.5,0.8789901909062586
R2121,0.3,0.5316900945208328
R2122,0.7,0.907229156394864
R2123,0.3,0.7613569414627896
R2124,0.5,0.6367472797294277
R2125,0.5,0.7835553654980985
R2126,0.7,0.8464256614820586
R2127,0.6,0.6688457156754258
R2128,0.5,0.9121559825872435
R2129,0.6,0.6389751319299919
R2130,0.7,0.9136388903869314
R2131,0.4,0.8843252268199594
R2132,0.4,0.5938524313109838
R2133,0.5,0.8891085695884217
R2134,0.7,0.8824387627196182
R2135,0.7,0.9014705255149352
R2136,0.7,0.9103499485143787
R2137,0.5,0.7884511027424507
R2138,0.6,0.7536266569037414
R2139,0.4,0.777079017590005
R2140,0.5,0.6710350631449843
R2141,0.5,0.5953592473115411
R2142,0.5,0.6811534418271471
R2143,0.5,0.8752903992561912
R2144,0.2,0.448643819352159
R2145,0.5,0.8063273823662358
R2146,0.5,0.8740944536619065
R2147,0.6,0.7031929213206057
R2148,0.4,0.7508679794281646
R2149,0.5,0.8995023444012692
R2150,0.5,0.8364801667538002
R2151,0.7,0.7729117820572332
R2152,0.5,0.7962090036840728
R2153,0.5,0.8995023444012692
R2154,0.6,0.724660497076646
R2155,0.6,0.9279641043683683
R2156,0.6,0.8281356414128918
R2157,0.4,0.5307430968653729
R2158,0.5,0.8308842371584716
R2159,0.6,0.8900174613068491
R2160,0.6,0.8201469224248326
R2161,0.7,0.858594026354055
R2162,0.4,0.5938524313109838
R2163,0.5,0.6479876501461626
R2164,0.6,0.6292000639871788
