id,S,split
R0,0.4332838806756359,recent
R1,0.522724054780713,recent
R2,0.45576782398062443,recent
R3,0.5287891168223163,recent
R4,0.5022470856572493,recent
R5,0.4511572860766508,recent
R6,0.47830417559309135,recent
R7,0.5566783110095954,recent
R8,0.4707835515530326,recent
R9,0.55990873835582,recent
R10,0.48846715259580414,recent
R11,0.5802927208212397,recent
R12,0.5123107379344587,recent
R13,0.46947893318417455,recent
R14,0.4131323726201899,recent
R15,0.5522268422623321,recent
R16,0.46919399607557716,recent
R17,0.4547980137406015,recent
R18,0.5002000982580952,recent
R19,0.490158554657725,recent
R20,0.418403403573516,recent
R21,0.42847467072602863,recent
R22,0.5167124747382144,recent
R23,0.5729983749315372,recent
R24,0.5176098805865826,recent
R25,0.5680418903978137,recent
R26,0.46761504482982047,recent
R27,0.5105961894766551,recent
R28,0.461968113025715,recent
R29,0.4759339919465164,recent
R30,0.5230750769474755,recent
R31,0.5034325829713561,recent
R32,0.530779546888192,recent
R33,0.5294563954864813,recent
R34,0.45454719497869256,recent
R35,0.41322912437808856,recent
R36,0.5154626043273106,recent
R37,0.5483455755862424,recent
R38,0.5309948235881935,recent
R39,0.5148238839877768,recent
R40,0.45104082319091465,recent
R41,0.5134531652238004,recent
R42,0.47237148128630635,recent
R43,0.4375741955376234,recent
R44,0.5107300310703726,recent
R45,0.567070832376597,recent
R46,0.5055865036368404,recent
R47,0.6395067284715098,recent
R48,0.5339716737613419,recent
R49,0.5046691407667849,recent
R50,0.5499732989444116,recent
R51,0.5719734897440204,recent
R52,0.4442444664933504,recent
R53,0.5362694887866696,recent
R54,0.4338525006934078,recent
R55,0.4774255103162053,recent
R56,0.4996931210526264,recent
R57,0.5260601043053552,recent
R58,0.4847775519505161,recent
R59,0.4985036764235708,recent
R60,0.551170291780943,recent
R61,0.4394172322906817,recent
R62,0.5200564524618305,recent
R63,0.5673905762567679,recent
R64,0.5566005273122306,recent
R65,0.5542937087993024,recent
R66,0.49321171279288006,recent
R67,0.5110623460190108,recent
R68,0.512179916695357,recent
R69,0.5486272354155176,recent
R70,0.5005217658115605,recent
R71,0.5364713430889361,recent
R72,0.4444281813444632,recent
R73,0.5454291905971845,recent
R74,0.47374736458513866,recent
R75,0.44307291414985356,recent
R76,0.45920018560062925,recent
R77,0.4287644275496826,recent
R78,0.5192654236321522,recent
R79,0.4835551427472881,recent
R80,0.5131835977607674,recent
R81,0.4338295032828875,recent
R82,0.47021172522906574,recent
R83,0.5106833668569745,recent
R84,0.5880056288086313,recent
R85,0.41837656095108583,recent
R86,0.43237286909098227,recent
R87,0.5181663940422927,recent
R88,0.4397942697174315,recent
R89,0.4394190075448752,recent
R90,0.4870867344480781,recent
R91,0.494093764398302,recent
R92,0.5305809020890012,recent
R93,0.5209332656448815,recent
R94,0.556663412278571,recent
R95,0.42800998192980017,recent
R96,0.48770482542112986,recent
R97,0.4490656478551355,recent
R98,0.46190469136664736,recent
R99,0.5442938827163408,recent
R100,0.5391713096661244,recent
R101,0.5079017509681091,recent
R102,0.48215618502077723,recent
R103,0.4146755593332351,recent
R104,0.49530306874365937,recent
R105,0.4561047834782806,recent
R106,0.5269803982199538,recent
R107,0.4671002675065407,recent
R108,0.5480902654247551,recent
R109,0.5093522418029692,recent
R110,0.5286143166875978,recent
R111,0.5366791959562602,recent
R112,0.4535566801187014,recent
R113,0.4924538771577891,recent
R114,0.5581874332441613,recent
R115,0.556103579547459,recent
R116,0.5600330427106229,recent
R117,0.5028224645638758,recent
R118,0.5427994790193174,recent
R119,0.5642111397088051,recent
R120,0.4983184316849583,recent
R121,0.42262662219848357,recent
R122,0.5141192439145097,recent
R123,0.531095060026305,recent
R124,0.4336985243194096,recent
R125,0.38714082131651656,recent
R126,0.42333864316605674,recent
R127,0.5137658959091141,recent
R128,0.5648677774267402,recent
R129,0.4090769147659958,recent
R130,0.562621112655818,recent
R131,0.5124767537367599,recent
R132,0.47235348283725537,recent
R133,0.4638328548996175,recent
R134,0.44423465222106584,recent
R135,0.4366407933320724,recent
R136,0.514607081035904,recent
R137,0.43064917571209294,recent
R138,0.5480809646099682,recent
R139,0.4891531508445828,recent
R140,0.4635046900113403,recent
R141,0.49263117442129134,recent
R142,0.42121451512947033,recent
R143,0.5013882534345226,recent
R144,0.47956553350175257,recent
R145,0.46974497578130625,recent
R146,0.4782249132905273,recent
R147,0.4703109626075253,recent
R148,0.5128567009337621,recent
R149,0.5538220420176561,recent
R150,0.46551692039893694,recent
R151,0.5666730406203014,recent
R152,0.5020218119820377,recent
R153,0.5433797529433262,recent
R154,0.4825911481000869,recent
R155,0.5031245135187229,recent
R156,0.465883061200137,recent
R157,0.5829485470103974,recent
R158,0.41712466743785737,recent
R159,0.4746293380563488,recent
R160,0.468155580034907,recent
R161,0.49339759741519756,recent
R162,0.47544907288831906,recent
R163,0.4862162637302391,recent
R164,0.5417079117948541,recent
R165,0.5466840670914809,recent
R166,0.539689597600368,recent
R167,0.48615980164535993,recent
R168,0.5645423572780136,recent
R169,0.5055715825180113,recent
R170,0.573470190584185,recent
R171,0.4738600677923176,recent
R172,0.48217635811211546,recent
R173,0.4502556145215037,recent
R174,0.5614781552259294,recent
R175,0.5374764827690791,recent
R176,0.4683997283309734,recent
R177,0.5727444996955333,recent
R178,0.4765418522274076,recent
R179,0.5033301792299213,recent
R180,0.43026205270350737,recent
R181,0.5549817004948714,recent
R182,0.42579688567464463,recent
R183,0.5432551273891193,recent
R184,0.4560583820324044,recent
R185,0.5288838291865239,recent
R186,0.46971632332097346,recent
R187,0.5020392988133379,recent
R188,0.5286692736421449,recent
R189,0.5003593084313459,recent
R190,0.6107324307850726,recent
R191,0.4872662765416488,recent
R192,0.49836254230007815,recent
R193,0.511476070016359,recent
R194,0.46153727114761345,recent
R195,0.46697131690816834,recent
R196,0.5695738123621686,recent
R197,0.46683203321196876,recent
R198,0.5052973895937317,recent
R199,0.50797138574149,recent
R200,0.5463234866199232,recent
R201,0.4769197070027037,recent
R202,0.4785655494206446,recent
R203,0.5172405240129873,recent
R204,0.5262259161211011,recent
R205,0.5506441347046653,recent
R206,0.49922467925227226,recent
R207,0.5037901320005421,recent
R208,0.5433322902605703,recent
R209,0.4761896488739435,recent
R210,0.5241696242769147,recent
R211,0.4812307174040376,recent
R212,0.46246227290099856,recent
R213,0.5372053225442289,recent
R214,0.5142635351435443,recent
R215,0.5267472171409073,recent
R216,0.48288909100647537,recent
R217,0.5431596793043331,recent
R218,0.4591387718254921,recent
R219,0.5960689735326684,recent
R220,0.4141254264548252,recent
R221,0.5225253758595376,recent
R222,0.5152491726410933,recent
R223,0.4223169460403403,recent
R224,0.5040495316247116,recent
R225,0.4972219300220999,recent
R226,0.5681326837576969,recent
R227,0.43204798752385687,recent
R228,0.44957102103244795,recent
R229,0.4539797114362668,recent
R230,0.5127293208553356,recent
R231,0.5143563816164273,recent
R232,0.4866878267210685,recent
R233,0.4588033475950994,recent
R234,0.5170020105149635,recent
R235,0.4704482080665361,recent
R236,0.4977060069077058,recent
R237,0.42483829458514694,recent
R238,0.44517264930119715,recent
R239,0.49428017652275225,recent
R240,0.4749994968090499,recent
R241,0.4252440443931568,recent
R242,0.4442631775868165,recent
R243,0.5242382024403895,recent
R244,0.4950810283188541,recent
R245,0.5260341827298657,recent
R246,0.5064235305479903,recent
R247,0.43340129684667694,recent
R248,0.45017717368924204,recent
R249,0.5279345759207963,recent
R250,0.43305223184322456,recent
R251,0.4596958535341443,recent
R252,0.4114473759970896,recent
R253,0.5448054290234452,recent
R254,0.5817877085261025,recent
R255,0.45607186187207815,recent
R256,0.5323373243471091,recent
R257,0.5048211291862469,recent
R258,0.5476823451674002,recent
R259,0.42427680445779703,recent
R260,0.5188650205688629,recent
R261,0.5525300325301338,recent
R262,0.48419211934059836,recent
R263,0.5193827262419278,recent
R264,0.45779812284465754,recent
R265,0.5835356559076745,recent
R266,0.4289687265544906,recent
R267,0.5018970903758201,recent
R268,0.49366584042772316,recent
R269,0.5629286378425475,recent
R270,0.48791374180672764,recent
R271,0.4297034250980611,recent
R272,0.4565606904568698,recent
R273,0.5033618040717524,recent
R274,0.5714780851959362,recent
R275,0.49196592412055035,recent
R276,0.4362532767788394,recent
R277,0.5453848598881934,recent
R278,0.5615306180887261,recent
R279,0.4642330069509607,recent
R280,0.544577381625161,recent
R281,0.4821780009120877,recent
R282,0.557390453764144,recent
R283,0.4741660232113629,recent
R284,0.6058957339749438,recent
R285,0.48818783783002967,recent
R286,0.5522039535041509,recent
R287,0.5438193777397478,recent
R288,0.5323202216603298,recent
R289,0.6015866239704912,recent
R290,0.5707500285977422,recent
R291,0.46297915504874526,recent
R292,0.5503691608495191,recent
R293,0.561395288557779,recent
R294,0.4323425264776002,recent
R295,0.39581616840443345,recent
R296,0.5124759398508493,recent
R297,0.5351069446230032,recent
R298,0.5135169777184679,recent
R299,0.4746734605268494,recent
R300,0.5251764830431854,recent
R301,0.586079877594887,recent
R302,0.4520132109621478,recent
R303,0.5724927155558411,recent
R304,0.5594257745739826,recent
R305,0.46412179869030934,recent
R306,0.44180987057406257,recent
R307,0.4743742381575028,recent
R308,0.49883189549020246,recent
R309,0.48627633482755983,recent
R310,0.547824161100061,recent
R311,0.5458638885694382,recent
R312,0.48999452205153704,recent
R313,0.5536641695776268,recent
R314,0.5468141845920089,recent
R315,0.5468022732193083,recent
R316,0.5241383084234739,recent
R317,0.4308322724981611,recent
R318,0.39237711222082566,recent
R319,0.531471963706404,recent
R320,0.569343574871492,recent
R321,0.5139726613417598,recent
R322,0.5001694470541298,recent
R323,0.42552289628445933,recent
R324,0.523706718632939,recent
R325,0.5549127146808979,recent
R326,0.5983301071619692,recent
R327,0.43324267564152874,recent
R328,0.48637463059733516,recent
R329,0.48267619727800304,recent
R330,0.44883484612813673,recent
R331,0.5167273831388683,recent
R332,0.40317403450025413,recent
R333,0.46922464076576686,recent
R334,0.44481369154050265,recent
R335,0.45229057076389145,recent
R336,0.6020567285046841,recent
R337,0.45490949205711556,recent
R338,0.4970341027644649,recent
R339,0.5073486277634189,recent
R340,0.5281290503969117,recent
R341,0.5312408460179555,recent
R342,0.4365162168742092,recent
R343,0.511311408848232,recent
R344,0.44979856601151375,recent
R345,0.520120655261398,recent
R346,0.4942588135615182,recent
R347,0.5042072484168928,recent
R348,0.4861440515358182,recent
R349,0.5580755175989024,recent
R350,0.4542244285971504,recent
R351,0.442259790212133,recent
R352,0.432837868413848,recent
R353,0.5485720027520707,recent
R354,0.46426553861141434,recent
R355,0.5653872366489255,recent
R356,0.42219242470052654,recent
R357,0.48646368355379216,recent
R358,0.37899752323262326,recent
R359,0.48998747556043387,recent
R360,0.47271366835106293,recent
R361,0.4213710556717019,recent
R362,0.5275561001583129,recent
R363,0.47384299189340484,recent
R364,0.5212496837490234,recent
R365,0.45903178728087163,recent
R366,0.5218015400282079,recent
R367,0.5292605161935108,recent
R368,0.5077748774294497,recent
R369,0.4670105649400577,recent
R370,0.5973252241360457,recent
R371,0.5591724012515741,recent
R372,0.5122719013191857,recent
R373,0.5041784900292506,recent
R374,0.47111299214127633,recent
R375,0.5018004264990001,recent
R376,0.4298644917137489,recent
R377,0.5520269331427624,recent
R378,0.447492242219645,recent
R379,0.46967574938922346,recent
R380,0.47652603251381115,recent
R381,0.5313498100866797,recent
R382,0.45971149050012305,recent
R383,0.49301286547311574,recent
R384,0.5061110026131886,recent
R385,0.5101367072379244,recent
R386,0.4899470150128013,recent
R387,0.5615357104597922,recent
R388,0.5430828104042829,recent
R389,0.505806070497493,recent
R390,0.4951991202240151,recent
R391,0.500065361024216,recent
R392,0.5402264016478238,recent
R393,0.48536089204185207,recent
R394,0.461280688792761,recent
R395,0.4217337906671825,recent
R396,0.5626412707454956,recent
R397,0.4809657120282157,recent
R398,0.4937763903568457,recent
R399,0.505962467380026,recent
R400,0.48301945311878014,recent
R401,0.5136663482104086,recent
R402,0.4490144408097542,recent
R403,0.5226333772905367,recent
R404,0.47387986439918744,recent
R405,0.48507730756250506,recent
R406,0.5431180971488984,recent
R407,0.5455905626665113,recent
R408,0.5026295946535626,recent
R409,0.5371409524239674,recent
R410,0.5158119584861639,recent
R411,0.5286499629634402,recent
R412,0.4405151206120824,recent
R413,0.5274545483526736,recent
R414,0.472364203316505,recent
R415,0.4199244379845941,recent
R416,0.5404192034846976,recent
R417,0.5703072951773228,recent
R418,0.49483146634228486,recent
R419,0.5586572657630782,recent
R420,0.4574338061078973,recent
R421,0.47895574778266276,recent
R422,0.5178801366759683,recent
R423,0.5645285560505333,recent
R424,0.5017043818827045,recent
R425,0.4518742231063025,recent
R426,0.4647012405322565,recent
R427,0.5153314259085693,recent
R428,0.4989417820708896,recent
R429,0.4371895565406685,recent
R430,0.44840704387297,recent
R431,0.5080863669551032,recent
R432,0.44165612673410076,recent
R433,0.4516611507295034,recent
R434,0.53283260731161,recent
R435,0.46478263444885787,recent
R436,0.4895565437390146,recent
R437,0.5127274547316738,recent
R438,0.5149072333099389,recent
R439,0.46231888970318435,recent
R440,0.5066030743842818,recent
R441,0.46337991635177717,recent
R442,0.4971287437580062,recent
R443,0.469628087192571,recent
R444,0.4984018660480966,recent
R445,0.47297549814383044,recent
R446,0.543755626670957,recent
R447,0.5085226377076426,recent
R448,0.484126730404247,recent
R449,0.5516519197455317,recent
R450,0.516762558237867,recent
R451,0.43315375550511415,recent
R452,0.5455511940006081,recent
R453,0.4653783935529648,recent
R454,0.4005111144208535,recent
R455,0.5637041974402621,recent
R456,0.4745066932939336,recent
R457,0.5429806561712458,recent
R458,0.5413378080092727,recent
R459,0.5299164218449817,recent
R460,0.4457307925626055,recent
R461,0.47206660858812477,recent
R462,0.5610986749747405,recent
R463,0.5850547400173282,recent
R464,0.456848545962803,recent
R465,0.5257623703532864,recent
R466,0.47745825807199294,recent
R467,0.4571227219569126,recent
R468,0.621307098623818,recent
R469,0.5162655088189843,recent
R470,0.4716302838919116,recent
R471,0.5276144357597907,recent
R472,0.5068470531333152,recent
R473,0.44896037548405776,recent
R474,0.5739893152683927,recent
R475,0.4128360736488055,recent
R476,0.45549110651556923,recent
R477,0.46485410026006524,recent
R478,0.496110220142907,recent
R479,0.5261268573322536,recent
R480,0.5042486060423423,recent
R481,0.5019976163915691,recent
R482,0.4999511162644752,recent
R483,0.4834205565788482,recent
R484,0.5832442401338894,recent
R485,0.47352834475549255,recent
R486,0.4597254277314128,recent
R487,0.5872011538219899,recent
R488,0.4614969462958296,recent
R489,0.4404009649855839,recent
R490,0.4595321694268539,recent
R491,0.4767702346818436,recent
R492,0.5961892183843631,recent
R493,0.4413339840066593,recent
R494,0.41760261266557547,recent
R495,0.5074199222982041,recent
R496,0.5798459904236117,recent
R497,0.4427703296184394,recent
R498,0.4277508685750078,recent
R499,0.49951379642525967,recent
R500,0.5253002953086319,recent
R501,0.5582725687734972,recent
R502,0.5055573496111593,recent
R503,0.4268139448252675,recent
R504,0.5494598980053059,recent
R505,0.5050050625860135,recent
R506,0.4903072635712565,recent
R507,0.5164060466113853,recent
R508,0.5004691474194676,recent
R509,0.554088193244444,recent
R510,0.5312291214759606,recent
R511,0.544870015712975,recent
R512,0.4836224176800972,recent
R513,0.5027735693824913,recent
R514,0.5346137593795289,recent
R515,0.46024284484831035,recent
R516,0.5790294971965397,recent
R517,0.5418127733194171,recent
R518,0.4921255159547864,recent
R519,0.5518116964948968,recent
R520,0.4315919321841645,recent
R521,0.5262177989251822,recent
R522,0.5373605244661016,recent
R523,0.41661139303653677,recent
R524,0.5738925210421181,recent
R525,0.5721579987901105,recent
R526,0.4969096678775532,recent
R527,0.4860113588028348,recent
R528,0.47068179053502956,recent
R529,0.44990765153994344,recent
R530,0.512558590558644,recent
R531,0.4957726802081125,recent
R532,0.47225687721193504,recent
R533,0.5787220201312971,recent
R534,0.43642617870015343,recent
R535,0.5720721067919565,recent
R536,0.575751501241008,recent
R537,0.49249041606845667,recent
R538,0.4178328071351057,recent
R539,0.4967282656906549,recent
R540,0.47211336586739766,recent
R541,0.5236280837784341,recent
R542,0.5187783724892089,recent
R543,0.4246802251375921,recent
R544,0.49436878268626766,recent
R545,0.46677506105592803,recent
R546,0.5280049975893502,recent
R547,0.6058467266401063,recent
R548,0.46441687085859884,recent
R549,0.47778691140231794,recent
R550,0.4802155546317596,recent
R551,0.5598484906784021,recent
R552,0.48421084565598704,recent
R553,0.5027911818731129,recent
R554,0.5368358679294838,recent
R555,0.5353949010068653,recent
R556,0.5691344759120711,recent
R557,0.5174734558075965,recent
R558,0.4812995937194481,recent
R559,0.45088626455832914,recent
R560,0.5103029993717122,recent
R561,0.501898966278371,recent
R562,0.4697378020374388,recent
R563,0.5343781052221512,recent
R564,0.46648035160144297,recent
R565,0.49435303384022955,recent
R566,0.394901767052986,recent
R567,0.44036818256326526,recent
R568,0.4781460313852804,recent
R569,0.49309501235211856,recent
R570,0.5748339398140886,recent
R571,0.5259488526438416,recent
R572,0.5481835320164895,recent
R573,0.5434173998492429,recent
R574,0.5204783537270948,recent
R575,0.4026978410475232,recent
R576,0.5054116241400167,recent
R577,0.5422699465611187,recent
R578,0.4557518950818505,recent
R579,0.4288100447352117,recent
R580,0.5767609586477866,recent
R581,0.4118774390483377,recent
R582,0.4994658808537537,recent
R583,0.611609684424129,recent
R584,0.4518777031476519,recent
R585,0.5509259590695568,recent
R586,0.4573299111966791,recent
R587,0.48928204096781913,recent
R588,0.5811116199901702,recent
R589,0.41141386885993836,recent
R590,0.5628347123103229,recent
R591,0.5764084166500141,recent
R592,0.5299186573845176,recent
R593,0.49569952474034074,recent
R594,0.5088032365382223,recent
R595,0.42378682025457104,recent
R596,0.5107710412328277,recent
R597,0.6044205284482801,recent
R598,0.49354568328862686,recent
R599,0.4724842254327661,recent
R600,0.5138520815788082,recent
R601,0.4790456769436148,recent
R602,0.4895885892027575,recent
R603,0.4616597744196715,recent
R604,0.48691207506629125,recent
R605,0.5318757752087334,recent
R606,0.44477330977378665,recent
R607,0.5414255208301686,recent
R608,0.5238922332008896,recent
R609,0.45583555828766414,recent
R610,0.4971479039918969,recent
R611,0.5565981294800836,recent
R612,0.5324339658117359,recent
R613,0.4809069227098673,recent
R614,0.4800031624516128,recent
R615,0.5123635809039856,recent
R616,0.5479827356273377,recent
R617,0.4501185529555641,recent
R618,0.45962909704734933,recent
R619,0.44910587641564176,recent
R620,0.49985022053693845,recent
R621,0.5577157092096685,recent
R622,0.5190694391461813,recent
R623,0.5106571540417345,recent
R624,0.4968554816974496,recent
R625,0.5859959707262381,recent
R626,0.3870315534206236,recent
R627,0.5169213060797755,recent
R628,0.5241628286988436,recent
R629,0.43242098351846836,recent
R630,0.44354857673078724,recent
R631,0.50556531350334,recent
R632,0.5555166887174613,recent
R633,0.45607759830451194,recent
R634,0.42020292109678437,recent
R635,0.4579169368430185,recent
R636,0.47075474285720637,recent
R637,0.455996438363613,recent
R638,0.4927152705601289,recent
R639,0.5030353320815194,recent
R640,0.5822475849571029,recent
R641,0.49755600086000096,recent
R642,0.5662355031490868,recent
R643,0.5101374757378045,recent
R644,0.4537914503639335,recent
R645,0.4520586687272521,recent
R646,0.45385886975185613,recent
R647,0.49423676580009634,recent
R648,0.5060970814153464,recent
R649,0.5728014539623866,recent
R650,0.5580616804772679,recent
R651,0.598391443423593,recent
R652,0.5482616212376388,recent
R653,0.4618549135479183,recent
R654,0.46173515411188365,recent
R655,0.5551620194073419,recent
R656,0.45144806588886316,recent
R657,0.49337561301398447,recent
R658,0.5797172621971718,recent
R659,0.4915477659031628,recent
R660,0.5247605548451993,recent
R661,0.5175015392999754,recent
R662,0.4938466763710925,recent
R663,0.5481147098539728,recent
R664,0.5642563816326672,recent
R665,0.5265208268481572,recent
R666,0.48419965717711544,recent
R667,0.45503212940123644,recent
R668,0.46769279857178664,recent
R669,0.47147396134114583,recent
R670,0.5776650373195835,recent
R671,0.5199980160911056,recent
R672,0.4863476496713501,recent
R673,0.49378179398664007,recent
R674,0.469842688277611,recent
R675,0.5234827664942209,recent
R676,0.5284923341248832,recent
R677,0.5337187530336953,recent
R678,0.5445379381562947,recent
R679,0.4124330557319408,recent
R680,0.5047659545995429,recent
R681,0.4384540168373781,recent
R682,0.5867764613653376,recent
R683,0.5660871550384275,recent
R684,0.5393126144054158,recent
R685,0.44850714964532035,recent
R686,0.44980229687870865,recent
R687,0.43698318295818334,recent
R688,0.5434328068073356,recent
R689,0.5155142779948528,recent
R690,0.46543267894900486,recent
R691,0.5466324469386821,recent
R692,0.48084321579906925,recent
R693,0.5109063545588601,recent
R694,0.4477254319080782,recent
R695,0.5449871076077196,recent
R696,0.5278705770226643,recent
R697,0.5486896498687523,recent
R698,0.5680511629488277,recent
R699,0.42159874857671137,recent
R700,0.5881584218622681,recent
R701,0.5115811404449195,recent
R702,0.477094533133131,recent
R703,0.47293783461680655,recent
R704,0.4615440204781657,recent
R705,0.4955496393613727,recent
R706,0.44725737053717407,recent
R707,0.4404679759823374,recent
R708,0.534357073577627,recent
R709,0.4951784521771681,recent
R710,0.407262499964643,recent
R711,0.3742315372315574,recent
R712,0.4860636130923656,recent
R713,0.5989751523055152,recent
R714,0.5250419943588595,recent
R715,0.5314623418505918,recent
R716,0.44134258428327405,recent
R717,0.46500836763253645,recent
R718,0.5860322636222356,recent
R719,0.5843884001636603,recent
R720,0.538711872441799,recent
R721,0.44210199549414136,recent
R722,0.4181670874421708,recent
R723,0.4211506151685459,recent
R724,0.46814510574055973,recent
R725,0.46651617028703457,recent
R726,0.4525394193023672,recent
R727,0.5829858877010744,recent
R728,0.46274414113235135,recent
R729,0.5575330397104038,recent
R730,0.5090565992714927,recent
R731,0.46334783374337174,recent
R732,0.49574380670566437,recent
R733,0.4924265649790255,recent
R734,0.45820863229418685,recent
R735,0.45807798889389034,recent
R736,0.44673725510415874,recent
R737,0.447028587339517,recent
R738,0.499445558788065,recent
R739,0.5805223434347789,recent
R740,0.38954619544390595,recent
R741,0.5663788405328191,recent
R742,0.4964194985451477,recent
R743,0.5082331911479492,recent
R744,0.42233320080649955,recent
R745,0.5184370568576543,recent
R746,0.5164492262821692,recent
R747,0.5540182816710867,recent
R748,0.4580800487861739,recent
R749,0.5005828975231512,recent
R750,0.5225324453532469,recent
R751,0.46312477179863476,recent
R752,0.5225392290863424,recent
R753,0.4936068126898285,recent
R754,0.5764430004656629,recent
R755,0.5316777119833375,recent
R756,0.452901689484383,recent
R757,0.4848940980221068,recent
R758,0.5055815019384476,recent
R759,0.4326035686084474,recent
R760,0.46165031112455807,recent
R761,0.5362097907302844,recent
R762,0.43258386067367577,recent
R763,0.5486011403417942,recent
R764,0.49241821820029097,recent
R765,0.5506134573337711,recent
R766,0.4871564488171672,recent
R767,0.5565589116618586,recent
R768,0.5128745021940443,recent
R769,0.4578259774288121,recent
R770,0.43553539673636343,recent
R771,0.41015151146431084,recent
R772,0.47241459340409264,recent
R773,0.5165517595189352,recent
R774,0.4681165789056202,recent
R775,0.49975051263928605,recent
R776,0.5557132711068408,recent
R777,0.43610582949359494,recent
R778,0.4458573352815414,recent
R779,0.5048326320278569,recent
R780,0.42931527342112963,recent
R781,0.4584309328371387,recent
R782,0.5383345542890157,recent
R783,0.4523071163207819,recent
R784,0.4947326930649687,recent
R785,0.5120949962408836,recent
R786,0.4193211798810688,recent
R787,0.4705100368850374,recent
R788,0.5173903941314548,recent
R789,0.4925034037940578,recent
R790,0.4834600513933442,recent
R791,0.4934100349416894,recent
R792,0.44003405246464444,recent
R793,0.5337770208542584,recent
R794,0.42877863361942864,recent
R795,0.5290435619546228,recent
R796,0.5097212517889811,recent
R797,0.47334630022530916,recent
R798,0.49375072165822637,recent
R799,0.5247584024537301,recent
R800,0.4931203488824903,recent
R801,0.5758215323358222,recent
R802,0.40466663111487305,recent
R803,0.4472434161412309,recent
R804,0.4731568239430082,recent
R805,0.606645743142779,recent
R806,0.6033470302310785,recent
R807,0.5631843400819491,recent
R808,0.5420303574316215,recent
R809,0.4789535849517902,recent
R810,0.4642370433901007,recent
R811,0.5634281303787727,recent
R812,0.4714835537061983,recent
R813,0.5438878665316063,recent
R814,0.532589314984041,recent
R815,0.5021132438912039,recent
R816,0.5123840146933399,recent
R817,0.46545837436017024,recent
R818,0.3751459275775382,recent
R819,0.49296017287638344,recent
R820,0.49458952445506466,recent
R821,0.5475605103941629,recent
R822,0.5450197968309431,recent
R823,0.4532592753611067,recent
R824,0.4920679209567945,recent
R825,0.5109740371129243,recent
R826,0.6003258068080227,recent
R827,0.42530534199662173,recent
R828,0.500195161417568,recent
R829,0.49505845002410026,recent
R830,0.4648060859711783,recent
R831,0.5598234872457174,recent
R832,0.4793792565987573,recent
R833,0.4803740359540013,recent
R834,0.4703487284929235,recent
R835,0.4947273176763418,recent
R836,0.5160008292374324,recent
R837,0.41692480890876993,recent
R838,0.39749180533747,recent
R839,0.5574175298678141,recent
R840,0.5026510268136095,recent
R841,0.47326017013697064,recent
R842,0.5798044355980102,recent
R843,0.48565695511651613,recent
R844,0.5061253754237517,recent
R845,0.5596580063752451,recent
R846,0.4942169218529887,recent
R847,0.4506636360100442,recent
R848,0.456398491904321,recent
R849,0.5324465402239651,recent
R850,0.5653938621056684,recent
R851,0.49261653785892845,recent
R852,0.49259006644876585,recent
R853,0.5048578791128445,recent
R854,0.4306216578166009,recent
R855,0.46001276636577476,recent
R856,0.500684411470578,recent
R857,0.43183935952141367,recent
R858,0.42894856052782404,recent
R859,0.4547741197716179,recent
R860,0.5357697576641337,recent
R861,0.6100041021238162,recent
R862,0.4803335814771823,recent
R863,0.4897434334379803,recent
R864,0.43168076212431433,recent
R865,0.5332248768025633,recent
R866,0.4663859974873352,recent
R867,0.554426349180886,recent
R868,0.473828441083148,recent
R869,0.48970749902811317,recent
R870,0.40290209256277937,recent
R871,0.4873390081461951,recent
R872,0.4778072238169274,recent
R873,0.5649636459939145,recent
R874,0.49307820675988584,recent
R875,0.5018820137129546,recent
R876,0.4787492444663341,recent
R877,0.4918793726199149,recent
R878,0.48012694349863094,recent
R879,0.439991803094882,recent
R880,0.5692628835515208,recent
R881,0.5933944350178237,recent
R882,0.43674695265160174,recent
R883,0.4605789708921304,recent
R884,0.552851577520495,recent
R885,0.49262673085314185,recent
R886,0.5048931494735164,recent
R887,0.4741862134463678,recent
R888,0.4942610248581189,recent
R889,0.4848707665642784,recent
R890,0.5039590651979522,recent
R891,0.49738921235959194,recent
R892,0.4713985665255943,recent
R893,0.5355950380656507,recent
R894,0.46468531771236443,recent
R895,0.5180387360871858,recent
R896,0.5257676757283382,recent
R897,0.5344219027242721,recent
R898,0.41962076851061003,recent
R899,0.5265689000161002,recent
R900,0.5144192548783496,recent
R901,0.5158308713251292,recent
R902,0.5056493140618519,recent
R903,0.5002157758669734,recent
R904,0.495366274400763,recent
R905,0.5480348119452131,recent
R906,0.5310619726001672,recent
R907,0.42315859466183314,recent
R908,0.5553413885005898,recent
R909,0.47685284031714487,recent
R910,0.44444666798845034,recent
R911,0.4760227694113662,recent
R912,0.4881440512788501,recent
R913,0.45227951660940274,recent
R914,0.4524711104053214,recent
R915,0.5317155690770351,recent
R916,0.5757070263369445,recent
R917,0.4892568473395856,recent
R918,0.4547736519346353,recent
R919,0.5755020786270745,recent
R920,0.42121745010764244,recent
R921,0.5265296255926963,recent
R922,0.41511203185856155,recent
R923,0.4393767512032641,recent
R924,0.5389850274849373,recent
R925,0.4370830824910501,recent
R926,0.4466759928992925,recent
R927,0.48779835871029315,recent
R928,0.4972967243549526,recent
R929,0.43154201098600237,recent
R930,0.5149665428653892,recent
R931,0.559061732724295,recent
R932,0.5363195327389835,recent
R933,0.5510321365653312,recent
R934,0.5413971386214316,recent
R935,0.5606972028088296,recent
R936,0.5083403330164448,recent
R937,0.45942036391463387,recent
R938,0.4960479709115777,recent
R939,0.4709245841404453,recent
R940,0.5338441849379654,recent
R941,0.4604900134842039,recent
R942,0.5381750732052066,recent
R943,0.4255167283166173,recent
R944,0.45632284234165166,recent
R945,0.5193705640553788,recent
R946,0.4803092877512958,recent
R947,0.5602990771109186,recent
R948,0.47445665296814765,recent
R949,0.4988721644373855,recent
R950,0.4615711275972514,recent
R951,0.4831869918020802,recent
R952,0.458434394027482,recent
R953,0.524503698802104,recent
R954,0.48717998759977604,recent
R955,0.5542055184836056,recent
R956,0.5727280303800939,recent
R957,0.5043594186543736,recent
R958,0.4723098150555174,recent
R959,0.5680001358280241,recent
R960,0.4800022172774979,recent
R961,0.526808317691146,recent
R962,0.4673754091435163,recent
R963,0.4637162247220409,recent
R964,0.4776348551725633,recent
R965,0.4684985018302011,recent
R966,0.502087651980415,recent
R967,0.46292811653818133,recent
R968,0.5019415704881236,recent
R969,0.49955916634935843,recent
R970,0.5194496496274568,recent
R971,0.5136010921181113,recent
R972,0.43904378078953,recent
R973,0.47925088732090065,recent
R974,0.5004740975755853,recent
R975,0.49447878133703327,recent
R976,0.5204963712164771,recent
R977,0.46008122635685156,recent
R978,0.4901653912997652,recent
R979,0.5409322624263204,recent
R980,0.5042008262629993,recent
R981,0.4780979846108793,recent
R982,0.5541385353125085,recent
R983,0.46666276325933953,recent
R984,0.49100519159048983,recent
R985,0.4027158566719799,recent
R986,0.48422045168250144,recent
R987,0.5644131432868636,recent
R988,0.4987888329145024,recent
R989,0.4760525242881503,recent
R990,0.5312995624868413,recent
R991,0.5681100684153679,recent
R992,0.49530501841873437,recent
R993,0.5479131469145336,recent
R994,0.5198540221812347,recent
R995,0.5101050475075382,recent
R996,0.414750965563945,recent
R997,0.497438275974384,recent
R998,0.47070135211601616,recent
R999,0.5495674963094985,recent
R1000,0.5253646037786596,recent
R1001,0.5273734448108296,recent
R1002,0.49173643906000986,recent
R1003,0.5314582157418613,recent
R1004,0.4846225222459382,recent
R1005,0.4061817618850115,recent
R1006,0.43695537654481786,recent
R1007,0.5859377574798378,recent
R1008,0.484143207656299,recent
R1009,0.4473343703890178,recent
R1010,0.5266444309858886,recent
R1011,0.5585635870612714,recent
R1012,0.5296233987356244,recent
R1013,0.5047864310158944,recent
R1014,0.5422948556544529,recent
R1015,0.5327340701280806,recent
R1016,0.5130055047269847,recent
R1017,0.4878067665376477,recent
R1018,0.5480448166806396,recent
R1019,0.48099643927276586,recent
R1020,0.4302105712213551,recent
R1021,0.5638162427293433,recent
R1022,0.426682508013379,recent
R1023,0.5625892386049332,recent
R1024,0.5055150651909153,recent
R1025,0.48037241281878407,recent
R1026,0.40920406573285173,recent
R1027,0.5556270675248834,recent
R1028,0.42710167357255835,recent
R1029,0.5163098070161974,recent
R1030,0.5101283756443692,recent
R1031,0.4736090394449354,recent
R1032,0.566023805821124,recent
R1033,0.44289439990043844,recent
R1034,0.5496374229212707,recent
R1035,0.4973418487996695,recent
R1036,0.5050245170342874,recent
R1037,0.5360899323374798,recent
R1038,0.5658925905103187,recent
R1039,0.5241936740174824,recent
R1040,0.47598278956899426,recent
R1041,0.49676351813718583,recent
R1042,0.4563565037769182,recent
R1043,0.5065182702269188,recent
R1044,0.5331483934371662,recent
R1045,0.5402838060501698,recent
R1046,0.4999043438848807,recent
R1047,0.4644703059393389,recent
R1048,0.3926075047498587,recent
R1049,0.543818657375374,recent
R1050,0.47727557907676366,recent
R1051,0.36705996286875253,recent
R1052,0.5354270817936193,recent
R1053,0.4712468103194936,recent
R1054,0.48530082355983173,recent
R1055,0.47291288185400016,recent
R1056,0.45024355076034334,recent
R1057,0.49216591438917306,recent
R1058,0.4375709582134019,recent
R1059,0.5076815228100814,recent
R1060,0.45217608682874383,recent
R1061,0.50697634064498,recent
R1062,0.455687725728185,recent
R1063,0.40343061804400965,recent
R1064,0.4520559326405182,recent
R1065,0.3994492781530316,recent
R1066,0.4979823345768968,recent
R1067,0.4349813615730689,recent
R1068,0.5551640528434681,recent
R1069,0.5513387877785714,recent
R1070,0.566385137684707,recent
R1071,0.46810088398108585,recent
R1072,0.4778961762154194,recent
R1073,0.5232835302871796,recent
R1074,0.5638235834014201,recent
R1075,0.4219456435470711,recent
R1076,0.4889927139326463,recent
R1077,0.4602454373337895,recent
R1078,0.5061610581530311,recent
R1079,0.577424144055355,recent
R1080,0.575157652450351,recent
R1081,0.494754365680325,recent
R1082,0.44031159314171764,recent
R1083,0.4415114757199744,recent
R1084,0.5910751817486064,recent
R1085,0.5383504400467667,recent
R1086,0.549965672886024,recent
R1087,0.4827490314374627,recent
R1088,0.531388237494713,recent
R1089,0.4584155144151483,recent
R1090,0.5295305815025737,recent
R1091,0.5795080157035327,recent
R1092,0.5495510932992377,recent
R1093,0.5502214849945568,recent
R1094,0.5326533290113689,recent
R1095,0.4890097670934075,recent
R1096,0.5549972383166358,recent
R1097,0.45616859599037346,recent
R1098,0.4529434396292451,recent
R1099,0.5218232988015343,recent
R1100,0.46591920263642705,recent
R1101,0.5553814497258613,recent
R1102,0.45994717885760983,recent
R1103,0.4772838220936889,recent
R1104,0.5689419701327872,recent
R1105,0.4248945269100467,recent
R1106,0.4973182554564877,recent
R1107,0.4884521538947982,recent
R1108,0.42565289042596,recent
R1109,0.4998018218582369,recent
R1110,0.4865240963567607,recent
R1111,0.4734812902774207,recent
R1112,0.5048073523037931,recent
R1113,0.47170418779601225,recent
R1114,0.43686971109278755,recent
R1115,0.4859890101004851,recent
R1116,0.5785927243528675,recent
R1117,0.46743608696926203,recent
R1118,0.49102227821934885,recent
R1119,0.5416335983822523,recent
R1120,0.4753979948866546,recent
R1121,0.5150509079580882,recent
R1122,0.5212045327050625,recent
R1123,0.5020538457274127,recent
R1124,0.5185371325189826,recent
R1125,0.5262405702135361,recent
R1126,0.5196272466310248,recent
R1127,0.46161496812519637,recent
R1128,0.5323062523082777,recent
R1129,0.4529906150458161,recent
R1130,0.4845262439197589,recent
R1131,0.4054524481051881,recent
R1132,0.4706408906748515,recent
R1133,0.47144797637259805,recent
R1134,0.5289316136490081,recent
R1135,0.43896116443777694,recent
R1136,0.45598101869775715,recent
R1137,0.5681327262417443,recent
R1138,0.5059906455144731,recent
R1139,0.47836255254447835,recent
R1140,0.5314648448370171,recent
R1141,0.4391895176621902,recent
R1142,0.5001765348692598,recent
R1143,0.43372832272560763,recent
R1144,0.4628521220847163,recent
R1145,0.49107699605947475,recent
R1146,0.5006711868032412,recent
R1147,0.3998966680364287,recent
R1148,0.5638359299525348,recent
R1149,0.5599657658646502,recent
R1150,0.5371115645784478,recent
R1151,0.5284845472151566,recent
R1152,0.5178897353891159,recent
R1153,0.4694372188762519,recent
R1154,0.5620392817109899,recent
R1155,0.5879914513926695,recent
R1156,0.5360670650619243,recent
R1157,0.4928203071816103,recent
R1158,0.5394764781111453,recent
R1159,0.5081129336211985,recent
R1160,0.37205964070263087,recent
R1161,0.5120189548725387,recent
R1162,0.5426995717160639,recent
R1163,0.5829972697099954,recent
R1164,0.4305961933133633,recent
R1165,0.5089429741657892,recent
R1166,0.463139324963676,recent
R1167,0.5647542960804672,recent
R1168,0.5531469380468309,recent
R1169,0.5657222387711284,recent
R1170,0.6087285999152924,recent
R1171,0.49722070327573703,recent
R1172,0.5802090049803856,recent
R1173,0.5519977175518481,recent
R1174,0.4917549636080574,recent
R1175,0.4255067835187196,recent
R1176,0.5106063849759589,recent
R1177,0.44764870110131605,recent
R1178,0.5246931624245698,recent
R1179,0.5067088259471638,recent
R1180,0.4773660769781409,recent
R1181,0.5343867725417641,recent
R1182,0.4252371159993568,recent
R1183,0.4428903868118316,recent
R1184,0.44716009496595616,recent
R1185,0.5366888568419904,recent
R1186,0.4710639649396271,recent
R1187,0.4448666597872219,recent
R1188,0.4731641894279027,recent
R1189,0.48078416997165047,recent
R1190,0.43037708068383324,recent
R1191,0.43464658136439865,recent
R1192,0.4581664181666751,recent
R1193,0.5393679585333736,recent
R1194,0.4825649857177116,recent
R1195,0.5022656031011825,recent
R1196,0.5146809872132361,recent
R1197,0.5539757597639978,recent
R1198,0.4627211869483897,recent
R1199,0.49115274507170364,recent
R1200,0.5323213471964016,recent
R1201,0.4571464078988088,recent
R1202,0.5029085267529901,recent
R1203,0.44816688847828945,recent
R1204,0.4945192486309852,recent
R1205,0.5770900636008791,recent
R1206,0.44048532830771375,recent
R1207,0.532756655942281,recent
R1208,0.5031811817688338,recent
R1209,0.4977271158249763,recent
R1210,0.5125582372362703,recent
R1211,0.42131843369843663,recent
R1212,0.5431413747944956,recent
R1213,0.4467744589080817,recent
R1214,0.5003141439239773,recent
R1215,0.6013923595958475,recent
R1216,0.4940847489155641,recent
R1217,0.5147523724755982,recent
R1218,0.47038853255044066,recent
R1219,0.5400683206681594,recent
R1220,0.4730849757194482,recent
R1221,0.5011116057161845,recent
R1222,0.4497201590079977,recent
R1223,0.46442136750578694,recent
R1224,0.5549584053423452,recent
R1225,0.4518443606958647,recent
R1226,0.48374556377064093,recent
R1227,0.43571461116638915,recent
R1228,0.516937507448065,recent
R1229,0.4843340743605505,recent
R1230,0.5659451683555188,recent
R1231,0.46798061851229644,recent
R1232,0.5033755207247983,recent
R1233,0.4135332914817176,recent
R1234,0.522483566433914,recent
R1235,0.5056072642908134,recent
R1236,0.4429130897865699,recent
R1237,0.523214556968403,recent
R1238,0.41155576053234255,recent
R1239,0.47335041267312755,recent
R1240,0.47229329253316726,recent
R1241,0.49560861688535895,recent
R1242,0.4724865514287721,recent
R1243,0.5668976736656802,recent
R1244,0.46827736729973984,recent
R1245,0.5246573718215506,recent
R1246,0.4523540789988614,recent
R1247,0.41565073900027194,recent
R1248,0.5612376567072547,recent
R1249,0.43558742324151567,recent
R1250,0.5103884246484031,recent
R1251,0.5783237520660517,recent
R1252,0.4695111266664501,recent
R1253,0.4982404456438097,recent
R1254,0.5169043063487072,recent
R1255,0.47434531784942524,recent
R1256,0.4608843387670773,recent
R1257,0.5001824400896896,recent
R1258,0.5111670798288759,recent
R1259,0.5548270522333677,recent
R1260,0.5495079061073226,recent
R1261,0.4110308662659586,recent
R1262,0.4859413616587814,recent
R1263,0.5681425578548378,recent
R1264,0.5453634556088457,recent
R1265,0.45919961052851455,recent
R1266,0.492676956609241,recent
R1267,0.5143672188242407,recent
R1268,0.4591122695573302,recent
R1269,0.5063299406030922,recent
R1270,0.41994445300622646,recent
R1271,0.5112048686083591,recent
R1272,0.5900847089718575,recent
R1273,0.5016699816194891,recent
R1274,0.4957892487459815,recent
R1275,0.4534177248988183,recent
R1276,0.4566778164202113,recent
R1277,0.551872647445934,recent
R1278,0.5698382772528664,recent
R1279,0.47390467035846734,recent
R1280,0.45134800011923065,recent
R1281,0.5511182573008148,recent
R1282,0.49539469124829705,recent
R1283,0.5159774345500238,recent
R1284,0.5215731991709387,recent
R1285,0.49935667352521634,recent
R1286,0.4744321990144071,recent
R1287,0.5010357000132897,recent
R1288,0.4770402526175438,recent
R1289,0.47286932413259364,recent
R1290,0.41979801234869124,recent
R1291,0.5482643586032849,recent
R1292,0.4452518982183213,recent
R1293,0.4935996311924287,recent
R1294,0.46976058277240107,recent
R1295,0.47887786617375394,recent
R1296,0.4216658975177589,recent
R1297,0.48991864382343053,recent
R1298,0.5637943654494671,recent
R1299,0.468345601748441,recent
R1300,0.4698351195970757,recent
R1301,0.43506872003142083,recent
R1302,0.48135187407356467,recent
R1303,0.4309959687834351,recent
R1304,0.5012805132126134,recent
R1305,0.5153376842240611,recent
R1306,0.481098368319323,recent
R1307,0.46886713347788994,recent
R1308,0.49049746704629504,recent
R1309,0.5334578793800978,recent
R1310,0.466170203110956,recent
R1311,0.5216974719739791,recent
R1312,0.5309571449893513,recent
R1313,0.44743053946463524,recent
R1314,0.4991902894675784,recent
R1315,0.522888955808663,recent
R1316,0.5347241339381065,recent
R1317,0.5565925598415994,recent
R1318,0.5213231756218176,recent
R1319,0.5381351706833926,recent
R1320,0.4409793428166775,recent
R1321,0.5029431543711889,recent
R1322,0.45746706588119995,recent
R1323,0.5369007848054137,recent
R1324,0.5451289891035962,recent
R1325,0.5042729889224489,recent
R1326,0.4996636143974526,recent
R1327,0.5281562354713305,recent
R1328,0.4908274796849497,recent
R1329,0.42079848413190135,recent
R1330,0.4778424376622927,recent
R1331,0.4147484986026833,recent
R1332,0.5865373370179562,recent
R1333,0.4043498435352377,recent
R1334,0.47604111011958805,recent
R1335,0.5078949113838022,recent
R1336,0.5134233911641135,recent
R1337,0.4980273607990826,recent
R1338,0.48464902085655404,recent
R1339,0.4964593295927809,recent
R1340,0.5397190123469529,recent
R1341,0.3916120379078532,recent
R1342,0.5020337345706402,recent
R1343,0.47599608930004106,recent
R1344,0.5543536643216875,recent
R1345,0.5214995085484828,recent
R1346,0.488084019742783,recent
R1347,0.5479895401376669,recent
R1348,0.45217821392454993,recent
R1349,0.46712094609526456,recent
R1350,0.4852780102473065,recent
R1351,0.4509824880655602,recent
R1352,0.5624741300056291,recent
R1353,0.4962096152566101,recent
R1354,0.5144319160265673,recent
R1355,0.4779114385498436,recent
R1356,0.5185786116831878,recent
R1357,0.5875629727643786,recent
R1358,0.5649128685512392,recent
R1359,0.4946537158350714,recent
R1360,0.4905968024010036,recent
R1361,0.4975138621313748,recent
R1362,0.4876012415870535,recent
R1363,0.5146556561586332,recent
R1364,0.4214302069490499,recent
R1365,0.5522772061891551,recent
R1366,0.4676061437381958,recent
R1367,0.5395861323935817,recent
R1368,0.4747810494484897,recent
R1369,0.5355066346008798,recent
R1370,0.4539542686313628,recent
R1371,0.5108820803492553,recent
R1372,0.5178901288161667,recent
R1373,0.4702033685529121,recent
R1374,0.5860494156880192,recent
R1375,0.4783544009032965,recent
R1376,0.4421350019625157,recent
R1377,0.4892986233234025,recent
R1378,0.5867037422600412,recent
R1379,0.45780296748658855,recent
R1380,0.526121919551105,recent
R1381,0.49970778477823813,recent
R1382,0.5818246780392362,recent
R1383,0.5770773315911228,recent
R1384,0.468103675967763,recent
R1385,0.4438038250997397,recent
R1386,0.5511406248696004,recent
R1387,0.5396822589201394,recent
R1388,0.5265321672308998,recent
R1389,0.5472394623968861,recent
R1390,0.5518881782894055,recent
R1391,0.4372883467250368,recent
R1392,0.4976883356490167,recent
R1393,0.39609018876838986,recent
R1394,0.5314341022271484,recent
R1395,0.43233966044401834,recent
R1396,0.479189505255656,recent
R1397,0.5401093313693293,recent
R1398,0.5056299980115747,recent
R1399,0.47875516361679893,recent
R1400,0.43481888017449505,recent
R1401,0.5228536693411413,recent
R1402,0.5152465112199093,recent
R1403,0.5211485887080344,recent
R1404,0.5860226059349308,recent
R1405,0.4841328168674201,recent
R1406,0.519025696100743,recent
R1407,0.5282107344753846,recent
R1408,0.5314275032191329,recent
R1409,0.46880975787720636,recent
R1410,0.5703841324153669,recent
R1411,0.4687606762405769,recent
R1412,0.5452618927104932,recent
R1413,0.46592555746851855,recent
R1414,0.5054697269159311,recent
R1415,0.47728368266557253,recent
R1416,0.530840008600375,recent
R1417,0.4689197852038343,recent
R1418,0.5005019109182149,recent
R1419,0.4337785257106746,recent
R1420,0.48009377682263765,recent
R1421,0.5058673178114351,recent
R1422,0.5319895678393676,recent
R1423,0.5475946438002377,recent
R1424,0.42009146716025697,recent
R1425,0.5407534753957802,recent
R1426,0.46204194946939664,recent
R1427,0.5516594905406597,recent
R1428,0.49015097261243223,recent
R1429,0.5635327199470016,recent
R1430,0.5541948377507421,recent
R1431,0.4690625005752545,recent
R1432,0.5059419014061035,recent
R1433,0.4868378328947415,recent
R1434,0.5095555397298674,recent
R1435,0.567604233034228,recent
R1436,0.47384300478434827,recent
R1437,0.5096733864408319,recent
R1438,0.4611834087283046,recent
R1439,0.4956632082314376,recent
R1440,0.4916853924379482,recent
R1441,0.5687832621426253,recent
R1442,0.5521400786863707,recent
R1443,0.44759544991123495,recent
R1444,0.5375923621639239,recent
R1445,0.5289972654731235,recent
R1446,0.5722767590440393,recent
R1447,0.5094779186333898,recent
R1448,0.5238988150524759,recent
R1449,0.5789845965178914,recent
R1450,0.4446011432592676,recent
R1451,0.5235069012219215,recent
R1452,0.6078088953955227,recent
R1453,0.5534940110366064,recent
R1454,0.5945313491998698,recent
R1455,0.5535041357695923,recent
R1456,0.5747168607043339,recent
R1457,0.6076269175693523,recent
R1458,0.4613759248673311,recent
R1459,0.5035246370302177,recent
R1460,0.4813644343753489,recent
R1461,0.4844112734886715,recent
R1462,0.531491375886541,recent
R1463,0.3969703955493009,recent
R1464,0.3975868240372377,recent
R1465,0.5304845174839651,recent
R1466,0.5531711672281621,recent
R1467,0.5494791466556588,recent
R1468,0.577512480458013,recent
R1469,0.4620661963396298,recent
R1470,0.587000240034332,recent
R1471,0.43041528628807185,recent
R1472,0.43343918358573186,recent
R1473,0.4846660141406292,recent
R1474,0.49348874141441856,recent
R1475,0.4837025755075058,recent
R1476,0.5198398194222229,recent
R1477,0.5241474969890239,recent
R1478,0.3903899614938421,recent
R1479,0.47400649959447944,recent
R1480,0.4446683190732696,recent
R1481,0.5097053109309769,recent
R1482,0.486975920360527,recent
R1483,0.4447685232761258,recent
R1484,0.54716174322207,recent
R1485,0.5828021922644111,recent
R1486,0.45446699315636524,recent
R1487,0.5028409063639332,recent
R1488,0.4950524368148209,recent
R1489,0.5507642166949793,recent
R1490,0.5937816296402113,recent
R1491,0.4563944332978958,recent
R1492,0.5042531296394376,recent
R1493,0.458194054231861,recent
R1494,0.4499617854338083,recent
R1495,0.4375163181575329,recent
R1496,0.49710483580751297,recent
R1497,0.5994607140952011,recent
R1498,0.4841477104326332,recent
R1499,0.4772093831454953,recent
R1500,0.5035242087218721,recent
R1501,0.4829067170338979,recent
R1502,0.5522358605689641,recent
R1503,0.5624751278445546,recent
R1504,0.5772088153518938,recent
R1505,0.48346016267295755,recent
R1506,0.5505247302175249,recent
R1507,0.5113944048433403,recent
R1508,0.47164067398024334,recent
R1509,0.5213912605135321,recent
R1510,0.5238585067086677,recent
R1511,0.4751956756425235,recent
R1512,0.4691526879101539,recent
R1513,0.46187893585580525,recent
R1514,0.4947659338051093,recent
R1515,0.4294752601538655,recent
R1516,0.47956828574129995,recent
R1517,0.4927780929121295,recent
R1518,0.4902138173072741,recent
R1519,0.5201950282020706,recent
R1520,0.5061679602246942,recent
R1521,0.5156635276521039,recent
R1522,0.46028036509668036,recent
R1523,0.5173841343715967,recent
R1524,0.5165919037610468,recent
R1525,0.42151518577359404,recent
R1526,0.5285778936866418,recent
R1527,0.42750431227966734,recent
R1528,0.5342550833999815,recent
R1529,0.523241759579105,recent
R1530,0.49866907154897055,recent
R1531,0.48152864737034684,recent
R1532,0.5415599371529007,recent
R1533,0.46842694281552544,recent
R1534,0.5340762765267687,recent
R1535,0.46091754217571484,recent
R1536,0.5163632163968662,recent
R1537,0.5092813363643612,recent
R1538,0.5118116974612797,recent
R1539,0.44978948874751334,recent
R1540,0.4593236959658694,recent
R1541,0.451766082855478,recent
R1542,0.5501895578225492,recent
R1543,0.4902805692098225,recent
R1544,0.5746728419867547,recent
R1545,0.4434345078344008,recent
R1546,0.45036166106958153,recent
R1547,0.45373014117148486,recent
R1548,0.43554560823486876,recent
R1549,0.4388072842504251,recent
R1550,0.41124163436046596,recent
R1551,0.4695633893330725,recent
R1552,0.5252791357830577,recent
R1553,0.4641607120138962,recent
R1554,0.5405788473804464,recent
R1555,0.4749090105736872,recent
R1556,0.47309189580423483,recent
R1557,0.5670830330273894,recent
R1558,0.4533843316985636,recent
R1559,0.4115460159192377,recent
R1560,0.4506021191984625,recent
R1561,0.4030138628004901,recent
R1562,0.5108271062685981,recent
R1563,0.48635041453395267,recent
R1564,0.44593536351606955,recent
R1565,0.4578347041625027,recent
R1566,0.45934488662830686,recent
R1567,0.5196132695979502,recent
R1568,0.5555198009371831,recent
R1569,0.46961568196841696,recent
R1570,0.46067467122924316,recent
R1571,0.4536008691781093,recent
R1572,0.5173325018951729,recent
R1573,0.540944531942835,recent
R1574,0.5237142877981149,recent
R1575,0.5241101083021937,recent
R1576,0.49432440569624064,recent
R1577,0.47916705811768645,recent
R1578,0.48653681739554355,recent
R1579,0.5314434428989313,recent
R1580,0.4871920724316262,recent
R1581,0.5495107078675997,recent
R1582,0.47870644470714874,recent
R1583,0.49766511966288646,recent
R1584,0.41400600029989815,recent
R1585,0.4977634199717665,recent
R1586,0.4797271709115295,recent
R1587,0.4758324648170749,recent
R1588,0.5829681076290981,recent
R1589,0.5475525781221291,recent
R1590,0.512341408694092,recent
R1591,0.521768381592198,recent
R1592,0.47120610586449835,recent
R1593,0.41980034106810993,recent
R1594,0.474160431894136,recent
R1595,0.5529430411118581,recent
R1596,0.4649646916413273,recent
R1597,0.4564132413461332,recent
R1598,0.4996438065365563,recent
R1599,0.5259645058591438,recent
R1600,0.465866391292095,recent
R1601,0.5538547195759989,recent
R1602,0.5064504905741839,recent
R1603,0.5525096291825484,recent
R1604,0.5661567480784043,recent
R1605,0.49188058897934506,recent
R1606,0.5314070344116631,recent
R1607,0.5110381838357496,recent
R1608,0.4799208127047891,recent
R1609,0.46844972158846393,recent
R1610,0.4792837999320245,recent
R1611,0.5929818888911124,recent
R1612,0.5645924196322089,recent
R1613,0.43940228815067645,recent
R1614,0.4049538103192892,recent
R1615,0.5253475287899042,recent
R1616,0.5330712069179694,recent
R1617,0.4656213348082883,recent
R1618,0.41351558848615205,recent
R1619,0.4948684133892439,recent
R1620,0.4755506677127114,recent
R1621,0.49480649294129136,recent
R1622,0.4605670930839583,recent
R1623,0.4666987461821206,recent
R1624,0.4848458444258371,recent
R1625,0.46068271252187143,recent
R1626,0.589904325724301,recent
R1627,0.49601029648742,recent
R1628,0.5663731500396856,recent
R1629,0.4991852612941139,recent
R1630,0.5088019250418504,recent
R1631,0.4917553095421564,recent
R1632,0.5099000797974261,recent
R1633,0.5487538180968631,recent
R1634,0.5524053767654507,recent
R1635,0.5311738359031233,recent
R1636,0.5675628485858859,recent
R1637,0.47192340994665705,recent
R1638,0.4983570225355007,recent
R1639,0.49707759205172514,recent
R1640,0.5453537823388385,recent
R1641,0.5090147374478546,recent
R1642,0.5398177162559801,recent
R1643,0.4634873719181212,recent
R1644,0.5638434700364281,recent
R1645,0.5660878378957588,recent
R1646,0.4618426652357595,recent
R1647,0.4617010420913965,recent
R1648,0.4045268929976601,recent
R1649,0.4786891482033342,recent
R1650,0.45511399460091423,recent
R1651,0.4283335941897613,recent
R1652,0.47258659243887213,recent
R1653,0.6015117085920906,recent
R1654,0.5617081600385705,recent
R1655,0.4952116850873152,recent
R1656,0.49482372013552306,recent
R1657,0.5072768925824663,recent
R1658,0.5019090694399889,recent
R1659,0.5922255069597941,recent
R1660,0.4829473388246725,recent
R1661,0.48224030663584483,recent
R1662,0.5033037130495768,recent
R1663,0.43682177710100173,recent
R1664,0.4874211396980665,recent
R1665,0.4732672628667163,recent
R1666,0.5095735297985796,recent
R1667,0.4517584866680753,recent
R1668,0.5561928978932623,recent
R1669,0.45039309257895377,recent
R1670,0.5678244937458756,recent
R1671,0.573266106279947,recent
R1672,0.47434388078257617,recent
R1673,0.4551652934287422,recent
R1674,0.5608209155369988,recent
R1675,0.538526543154791,recent
R1676,0.5797439492569878,recent
R1677,0.47098732446689245,recent
R1678,0.5138720482930066,recent
R1679,0.43353266958453135,recent
R1680,0.49460801872595656,recent
R1681,0.5832184737871291,recent
R1682,0.45131917505781116,recent
R1683,0.49870509495187004,recent
R1684,0.47866385548608187,recent
R1685,0.47411730863042134,recent
R1686,0.5196160733019425,recent
R1687,0.5417462574461139,recent
R1688,0.4568476503400865,recent
R1689,0.535245239061535,recent
R1690,0.465076521438964,recent
R1691,0.5659604058197437,recent
R1692,0.5210046318173253,recent
R1693,0.47495398840099223,recent
R1694,0.5879468471982786,recent
R1695,0.44412605710258096,recent
R1696,0.43252697545174984,recent
R1697,0.4488885753495615,recent
R1698,0.4959055806172102,recent
R1699,0.4524609087846224,recent
R1700,0.5425568379735509,recent
R1701,0.42563675528343237,recent
R1702,0.5503966837160709,recent
R1703,0.5594934388655428,recent
R1704,0.46707703725655947,recent
R1705,0.44432666288969247,recent
R1706,0.5126567954904303,recent
R1707,0.5565019953205119,recent
R1708,0.47999571389635015,recent
R1709,0.4996338456521372,recent
R1710,0.47555400454229413,recent
R1711,0.453607333728322,recent
R1712,0.5420526910286156,recent
R1713,0.4359025437216418,recent
R1714,0.5509862615933718,recent
R1715,0.5758192202968607,recent
R1716,0.5026979290857009,recent
R1717,0.46257754741221385,recent
R1718,0.40267138962639576,recent
R1719,0.4736393008893334,recent
R1720,0.48396294448759686,recent
R1721,0.45993721562600315,recent
R1722,0.4499591955460837,recent
R1723,0.5911558468932421,recent
R1724,0.45959905147074154,recent
R1725,0.4956690088094881,recent
R1726,0.41309245645683745,recent
R1727,0.4392406382442954,recent
R1728,0.4719481857290761,recent
R1729,0.5420407290981178,recent
R1730,0.49488655668881376,recent
R1731,0.4683670105184234,recent
R1732,0.5128065964464246,recent
R1733,0.47073153792563094,recent
R1734,0.5155575837972551,recent
R1735,0.4413242177015334,recent
R1736,0.5188779256920788,recent
R1737,0.4876871373095108,recent
R1738,0.4895683018499535,recent
R1739,0.45658184541957414,recent
R1740,0.5651590696636704,recent
R1741,0.5605465619295711,recent
R1742,0.5572222954368425,recent
R1743,0.4498864100133165,recent
R1744,0.5599978658433435,recent
R1745,0.5612289044145097,recent
R1746,0.532691371914862,recent
R1747,0.5099317233988759,recent
R1748,0.5118512768526696,recent
R1749,0.5507453419256142,recent
R1750,0.5216014453504076,recent
R1751,0.5563257115159043,recent
R1752,0.5426381133144496,recent
R1753,0.49522304371436554,recent
R1754,0.5084804989966613,recent
R1755,0.5001705896703214,recent
R1756,0.6083400436046248,recent
R1757,0.46904810174853195,recent
R1758,0.42723581972656344,recent
R1759,0.5029690165912669,recent
R1760,0.5059499568432121,recent
R1761,0.49823250697686267,recent
R1762,0.5499446600736125,recent
R1763,0.4684466170565446,recent
R1764,0.5148015887046594,recent
R1765,0.4433427353388437,recent
R1766,0.4933986192325961,recent
R1767,0.4184145784214642,recent
R1768,0.44539933206848686,recent
R1769,0.5834560968709721,recent
R1770,0.4127633944443802,recent
R1771,0.4577647846395679,recent
R1772,0.5271987787793057,recent
R1773,0.46709638877369175,recent
R1774,0.43308426548221735,recent
R1775,0.5066997840266277,recent
R1776,0.4779520830009646,recent
R1777,0.5236340296176193,recent
R1778,0.42930421167888677,recent
R1779,0.5114008453667817,recent
R1780,0.4848827019728284,recent
R1781,0.4314910699277101,recent
R1782,0.5036570714661124,recent
R1783,0.5639690288413235,recent
R1784,0.5714426405122842,recent
R1785,0.5520716051896558,recent
R1786,0.4539309827483316,recent
R1787,0.5344191944648232,recent
R1788,0.41738894816351846,recent
R1789,0.43514831509906143,recent
R1790,0.48644965430015974,recent
R1791,0.4214493978317037,recent
R1792,0.5041322643276095,recent
R1793,0.4222804823290122,recent
R1794,0.5553633845826482,recent
R1795,0.4602392337747156,recent
R1796,0.49310150471253544,recent
R1797,0.4419864985909111,recent
R1798,0.52084355502826,recent
R1799,0.5144521659570439,recent
R1800,0.5564507407786399,recent
R1801,0.4745967284828456,recent
R1802,0.553171472274666,recent
R1803,0.5463160861020131,recent
R1804,0.5121413038993399,recent
R1805,0.5564464357459703,recent
R1806,0.5322589682562734,recent
R1807,0.5309498949937742,recent
R1808,0.4633573868496505,recent
R1809,0.504490784695181,recent
R1810,0.4734567184570227,recent
R1811,0.6033173985997949,recent
R1812,0.4857361434784324,recent
R1813,0.5405820053742623,recent
R1814,0.516603161135057,recent
R1815,0.5108208523568456,recent
R1816,0.44257292571775675,recent
R1817,0.43969658126198885,recent
R1818,0.5160995527820083,recent
R1819,0.49507790980967287,recent
R1820,0.5598994040124555,recent
R1821,0.5364601923507065,recent
R1822,0.5127035460295628,recent
R1823,0.45570342732742736,recent
R1824,0.5660194346915071,recent
R1825,0.45414010300027485,recent
R1826,0.5404933174200288,recent
R1827,0.4644696224357106,recent
R1828,0.4840319095369644,recent
R1829,0.4379115740542086,recent
R1830,0.5812539636714079,recent
R1831,0.4692351462526925,recent
R1832,0.489827817671291,recent
R1833,0.49162817324672714,recent
R1834,0.49830492565825174,recent
R1835,0.43736211288286386,recent
R1836,0.46856047675334367,recent
R1837,0.5379123950744538,recent
R1838,0.5666677157960625,recent
R1839,0.5747053632568953,recent
R1840,0.4634562128339739,recent
R1841,0.4375347021228752,recent
R1842,0.4908758319361946,recent
R1843,0.44737562509916107,recent
R1844,0.5668775969306656,recent
R1845,0.5086865346748493,recent
R1846,0.5458215024496516,recent
R1847,0.5590980639389868,recent
R1848,0.46697035948440124,recent
R1849,0.5880603034528676,recent
R1850,0.4250105718740028,recent
R1851,0.47775966164444333,recent
R1852,0.552451259409601,recent
R1853,0.5362068513109862,recent
R1854,0.4801555723154455,recent
R1855,0.5114509998845621,recent
R1856,0.5668093150867115,recent
R1857,0.4367789193281007,recent
R1858,0.4525322736808182,recent
R1859,0.5444971580872626,recent
R1860,0.5841298065907216,recent
R1861,0.4442792742048137,recent
R1862,0.5313828506982816,recent
R1863,0.5370002058105271,recent
R1864,0.4090171406267872,recent
R1865,0.4185414592214018,recent
R1866,0.4925849131637706,recent
R1867,0.5234871454884985,recent
R1868,0.4425970574825312,recent
R1869,0.5591265439347936,recent
R1870,0.5865652055221582,recent
R1871,0.4787356895982448,recent
R1872,0.4735837076944647,recent
R1873,0.47848346198646197,recent
R1874,0.4817277622644918,recent
R1875,0.5178978433895766,recent
R1876,0.5566988611387488,recent
R1877,0.46043177824598597,recent
R1878,0.5230272440782416,recent
R1879,0.4473605361921202,recent
R1880,0.4595706256397707,recent
R1881,0.5048519966314604,recent
R1882,0.46367832879094917,recent
R1883,0.5298133314945253,recent
R1884,0.569199112849808,recent
R1885,0.5203339292354492,recent
R1886,0.5016665338581808,recent
R1887,0.46010107052423005,recent
R1888,0.49245800751510094,recent
R1889,0.4205254783212777,recent
R1890,0.5082923662991201,recent
R1891,0.572739212522045,recent
R1892,0.47776057678408473,recent
R1893,0.40033130397847766,recent
R1894,0.4474384734907464,recent
R1895,0.46591255022539785,recent
R1896,0.5641663012067155,recent
R1897,0.48816860976930765,recent
R1898,0.5030823609331873,recent
R1899,0.46668441954984186,recent
R1900,0.48509395720067816,recent
R1901,0.43218568385372536,recent
R1902,0.4951553539929397,recent
R1903,0.5038063463887729,recent
R1904,0.49065623875878844,recent
R1905,0.44184800977427585,recent
R1906,0.4465782315551144,recent
R1907,0.5137669432907531,recent
R1908,0.5566069267961629,recent
R1909,0.48823844226991636,recent
R1910,0.45068408406091126,recent
R1911,0.5016485853904422,recent
R1912,0.45973629872289246,recent
R1913,0.5307386318339321,recent
R1914,0.5133481559439261,recent
R1915,0.4050297717008656,recent
R1916,0.5541031873106834,recent
R1917,0.4865875903116826,recent
R1918,0.48462964825935106,recent
R1919,0.46942423889616086,recent
R1920,0.495035331330041,recent
R1921,0.553209128713614,recent
R1922,0.4525320904338927,recent
R1923,0.43769586421846407,recent
R1924,0.5306823727461815,recent
R1925,0.45271836920993286,recent
R1926,0.5832965580028169,recent
R1927,0.47659942674921824,recent
R1928,0.5792687654523346,recent
R1929,0.47892925981865025,recent
R1930,0.5510602641094583,recent
R1931,0.5071492062246551,recent
R1932,0.5641991806509408,recent
R1933,0.5125489697828554,recent
R1934,0.530324242139699,recent
R1935,0.452599495943397,recent
R1936,0.4052283456214249,recent
R1937,0.4853857915531843,recent
R1938,0.5049275958889903,recent
R1939,0.5157631510224012,recent
R1940,0.4536065218381953,recent
R1941,0.5075038778634282,recent
R1942,0.5188768776631224,recent
R1943,0.4789018191308173,recent
R1944,0.4550857864124189,recent
R1945,0.39940348874269804,recent
R1946,0.47865106503602367,recent
R1947,0.4426264741981651,recent
R1948,0.46825230221648945,recent
R1949,0.5397432607949855,recent
R1950,0.43934583476054867,recent
R1951,0.453750315757041,recent
R1952,0.4893515944982067,recent
R1953,0.48804924950874495,recent
R1954,0.4925255859283843,recent
R1955,0.5052015652187744,recent
R1956,0.5129634172932801,recent
R1957,0.5050872834408181,recent
R1958,0.5336783952717904,recent
R1959,0.5232854913850937,recent
R1960,0.5864801662870363,recent
R1961,0.41099662213661575,recent
R1962,0.43427604223883876,recent
R1963,0.5248686634382548,recent
R1964,0.4380034220262448,recent
R1965,0.5048166637796295,recent
R1966,0.43589424805262617,recent
R1967,0.5267259650454571,recent
R1968,0.5455208454738809,recent
R1969,0.5114718604250642,recent
R1970,0.49851812859642547,recent
R1971,0.4731070911060635,recent
R1972,0.531088427158038,recent
R1973,0.42200189671730054,recent
R1974,0.5700973617967408,recent
R1975,0.5259827181302114,recent
R1976,0.4609704765345952,recent
R1977,0.47094065174363203,recent
R1978,0.45092045172733897,recent
R1979,0.45057210238002365,recent
R1980,0.4965453763099219,recent
R1981,0.5580186079046674,recent
R1982,0.5562872174926958,recent
R1983,0.39931168386669336,recent
R1984,0.5184110025692701,recent
R1985,0.5115007843395992,recent
R1986,0.5008287939484037,recent
R1987,0.441145685662502,recent
R1988,0.47433986113911925,recent
R1989,0.40944271578816355,recent
R1990,0.46263638233455845,recent
R1991,0.5034292646629194,recent
R1992,0.45180602671822945,recent
R1993,0.5332958612054055,recent
R1994,0.5654613596059687,recent
R1995,0.48190653675849154,recent
R1996,0.5262370381450141,recent
R1997,0.4877663406045238,recent
R1998,0.4421595198274015,recent
R1999,0.4477350817901311,recent
R2000,0.5751120726455883,recent
R2001,0.5280350316810212,recent
R2002,0.47819320714101676,recent
R2003,0.5429758028718952,recent
R2004,0.5504749497591374,recent
R2005,0.5192037387906067,recent
R2006,0.5790459372841517,recent
R2007,0.4838804895039187,recent
R2008,0.5774727722807104,recent
R2009,0.5460820532374393,recent
R2010,0.5537640991004591,recent
R2011,0.5086733258516356,recent
R2012,0.5517082041293874,recent
R2013,0.4310016045634153,recent
R2014,0.5012698107525553,recent
R2015,0.5010150829779482,recent
R2016,0.5555791947493245,recent
R2017,0.5520883585737866,recent
R2018,0.46233840606340937,recent
R2019,0.4948797569437844,recent
R2020,0.4266845634387908,recent
R2021,0.5149383151612259,recent
R2022,0.4810471247993258,recent
R2023,0.5164837771333847,recent
R2024,0.5648720215636461,recent
R2025,0.4878592862925957,recent
R2026,0.5147713390422789,recent
R2027,0.5223132677302799,recent
R2028,0.47030025899607203,recent
R2029,0.5132471824147169,recent
R2030,0.4882415414449616,recent
R2031,0.5044925649858956,recent
R2032,0.5566753151604273,recent
R2033,0.49543475127922526,recent
R2034,0.4977230988527175,recent
R2035,0.519092149339234,recent
R2036,0.4233731352058134,recent
R2037,0.4062284940946043,recent
R2038,0.49967119260283027,recent
R2039,0.5161029724695336,recent
R2040,0.5207963763332931,recent
R2041,0.5784474626700108,recent
R2042,0.5528088362942147,recent
R2043,0.5340450279950384,recent
R2044,0.41764878533405597,recent
R2045,0.5440425851618826,recent
R2046,0.45021162765334366,recent
R2047,0.5889943662698062,recent
R2048,0.5592444921307429,recent
R2049,0.570647905903947,recent
R2050,0.4800452488631757,recent
R2051,0.4964314431249947,recent
R2052,0.5330949913202381,recent
R2053,0.5815402026233845,recent
R2054,0.5115410807686286,recent
R2055,0.5499090272404051,recent
R2056,0.5376136865806803,recent
R2057,0.450017262454766,recent
R2058,0.48879342036786283,recent
R2059,0.6062062876069605,recent
R2060,0.5592346825277443,recent
R2061,0.4586999070222547,recent
R2062,0.505880501013157,recent
R2063,0.418377868830573,recent
R2064,0.4907844520121863,recent
R2065,0.5788046097593559,recent
R2066,0.4966841118355685,recent
R2067,0.4896716545870929,recent
R2068,0.5252270396112808,recent
R2069,0.4942422589649858,recent
R2070,0.5791977333714896,recent
R2071,0.4324575975206832,recent
R2072,0.50751818253008,recent
R2073,0.4541486078770655,recent
R2074,0.6191160336587174,recent
R2075,0.4019887415149487,recent
R2076,0.5338414067069767,recent
R2077,0.43528369330795097,recent
R2078,0.49764684233707274,recent
R2079,0.49610726070005207,recent
R2080,0.5223565218938555,recent
R2081,0.5325178491357824,recent
R2082,0.4523635652769259,recent
R2083,0.5602981181767038,recent
R2084,0.4443688252662988,recent
R2085,0.4756902104034257,recent
R2086,0.5656783508544134,recent
R2087,0.5174484964213917,recent
R2088,0.5757497201007752,recent
R2089,0.5084993244204842,recent
R2090,0.5641317857278448,recent
R2091,0.47728663478130007,recent
R2092,0.4917553095421564,recent
R2093,0.519771418658768,recent
R2094,0.41863982674323014,recent
R2095,0.5788001994653114,recent
R2096,0.4634379413325774,recent
R2097,0.5243302535727712,recent
R2098,0.4498916032093486,recent
R2099,0.42624530638623215,recent
R2100,0.46740893405417455,recent
R2101,0.5702684820789852,recent
R2102,0.47947684843720384,recent
R2103,0.5533289279006791,recent
R2104,0.5096438282137359,recent
R2105,0.4724904982591221,recent
R2106,0.45967226865620037,recent
R2107,0.558686413514601,recent
R2108,0.4988002903556091,recent
R2109,0.5596229205284117,recent
R2110,0.5343591162748946,recent
R2111,0.566093819284741,recent
R2112,0.6006946204438788,recent
R2113,0.5288274698183026,recent
R2114,0.5559858235835589,recent
R2115,0.4203396188157083,recent
R2116,0.44104379455106335,recent
R2117,0.5058705767303143,recent
R2118,0.5066238511579677,recent
R2119,0.554284735474371,recent
R2120,0.540564105218835,recent
R2121,0.5379827076297655,recent
R2122,0.5631757012330044,recent
R2123,0.4498009695187923,recent
R2124,0.48939856164302,recent
R2125,0.48636961786284394,recent
R2126,0.5357639768556427,recent
R2127,0.5125691026732014,recent
R2128,0.5752193004911498,recent
R2129,0.5400945690530153,recent
R2130,0.5752807083803517,recent
R2131,0.48020689461192945,recent
R2132,0.44403551226670174,recent
R2133,0.5249523879648389,recent
R2134,0.5526251472982096,recent
R2135,0.46283761070844875,recent
R2136,0.5314091485828148,recent
R2137,0.40041172710199097,recent
R2138,0.5689725626285465,recent
R2139,0.42436844954263814,recent
R2140,0.5486492319232829,recent
R2141,0.43874402115511546,recent
R2142,0.5111456858404108,recent
R2143,0.5231013314281263,recent
R2144,0.4698745482846928,recent
R2145,0.5118935877778511,recent
R2146,0.5479305467674375,recent
R2147,0.433416937312205,recent
R2148,0.5221967550525674,recent
R2149,0.5225005380648056,recent
R2150,0.515169831780031,recent
R2151,0.5223049189080784,recent
R2152,0.5164295872162599,recent
R2153,0.5817061868791426,recent
R2154,0.4860563316370933,recent
R2155,0.5639484413583646,recent
R2156,0.46750881095916647,recent
R2157,0.49102227821934885,recent
R2158,0.4712154260984796,recent
R2159,0.5538169630626116,recent
R2160,0.45884303863343134,recent
R2161,0.5785250356332261,recent
R2162,0.4299475537562463,recent
R2163,0.5180852112433908,recent
R2164,0.5238332179898686,recent
H0,0.48905166608158507,historical
H1,0.5339106291160048,historical
H2,0.4873451341537523,historical
H3,0.5491476780014464,historical
H4,0.4904378970696206,historical
H5,0.49287937873763077,historical
H6,0.5492713195430717,historical
H7,0.5025775506756907,historical
H8,0.4974987038791912,historical
H9,0.48702328456555516,historical
H10,0.5735905298017914,historical
H11,0.5107638470530155,historical
H12,0.43394061615230595,historical
H13,0.4970991117866682,historical
H14,0.39353254049160435,historical
H15,0.4426074010375664,historical
H16,0.5092953647853797,historical
H17,0.5526968826096712,historical
H18,0.5307618227977824,historical
H19,0.5547964461507517,historical
H20,0.42883886092368156,historical
H21,0.4253110031047654,historical
H22,0.4435365926513975,historical
H23,0.49426660738705697,historical
H24,0.526460023797116,historical
H25,0.5782529110659238,historical
H26,0.4885038376979439,historical
H27,0.47942369122009,historical
H28,0.5705082983988536,historical
H29,0.4279940909622502,historical
H30,0.511676762248336,historical
H31,0.4130196289935744,historical
H32,0.4218083184620507,historical
H33,0.4473672449489486,historical
H34,0.5558431060258748,historical
H35,0.5972338851931838,historical
H36,0.6049745610402134,historical
H37,0.47635749058786314,historical
H38,0.4361182495412112,historical
H39,0.4968925599883272,historical
H40,0.47477219332244147,historical
H41,0.5295825933233156,historical
H42,0.4431037186645934,historical
H43,0.554062846966846,historical
H44,0.4635495125831055,historical
H45,0.49236179055382134,historical
H46,0.5883835201152366,historical
H47,0.5777785537903446,historical
H48,0.5233690169774249,historical
H49,0.5348270564984071,historical
H50,0.5523183580019703,historical
H51,0.5666182045214048,historical
H52,0.49888848746386444,historical
H53,0.491495187629795,historical
H54,0.5041426608713642,historical
H55,0.463967406645861,historical
H56,0.5969697061676976,historical
H57,0.5031155189130598,historical
H58,0.5657360800488873,historical
H59,0.48675656576645004,historical
H60,0.4190599632289669,historical
H61,0.5828883238057541,historical
H62,0.5572921612716237,historical
H63,0.4801655212669474,historical
H64,0.5265235574493098,historical
H65,0.4768709562244722,historical
H66,0.47956124075238366,historical
H67,0.42080420902059895,historical
H68,0.5730409975137185,historical
H69,0.44896114979009843,historical
H70,0.47683093346195643,historical
H71,0.5768290575832249,historical
H72,0.5457288144684969,historical
H73,0.5815668253602111,historical
H74,0.3946851530748895,historical
H75,0.49413686240684784,historical
H76,0.46819437388898044,historical
H77,0.4816124974588012,historical
H78,0.4684555596860824,historical
H79,0.563624171442788,historical
H80,0.5001551738071925,historical
H81,0.5791871571276436,historical
H82,0.5442696738613296,historical
H83,0.4735159257380486,historical
H84,0.5534408769557899,historical
H85,0.4383613642877396,historical
H86,0.5574571904907606,historical
H87,0.5164108792147347,historical
H88,0.43097487009063773,historical
H89,0.44949964967534095,historical
H90,0.49016380746821125,historical
H91,0.49995517489471464,historical
H92,0.5257683201066597,historical
H93,0.4496110564147762,historical
H94,0.49744454336781946,historical
H95,0.533705986855512,historical
H96,0.5631155818386179,historical
H97,0.5057758632390799,historical
H98,0.5187052473021907,historical
H99,0.5615706888238948,historical
H100,0.4709052410057845,historical
H101,0.46773725679235373,historical
H102,0.5741832384010979,historical
H103,0.5226915987569407,historical
H104,0.42193783329790496,historical
H105,0.4375439759066361,historical
H106,0.5734388290994908,historical
H107,0.44260633220767287,historical
H108,0.4065345298806761,historical
H109,0.5201141792295891,historical
H110,0.5193694620475859,historical
H111,0.48296822423192076,historical
H112,0.47099017699591006,historical
H113,0.4914506029825834,historical
H114,0.5414558317160202,historical
H115,0.419485170475307,historical
H116,0.4936137507000081,historical
H117,0.5143297417456082,historical
H118,0.5067890845279102,historical
H119,0.4941786935899475,historical
H120,0.5647696665531904,historical
H121,0.4736013222566527,historical
H122,0.5024258529878206,historical
H123,0.522123095543355,historical
H124,0.5153585229941335,historical
H125,0.49047944202792904,historical
H126,0.5080565226172306,historical
H127,0.4874569874166795,historical
H128,0.45549430921705425,historical
H129,0.5704409693177371,historical
H130,0.47207411628252116,historical
H131,0.5166216671477433,historical
H132,0.5123729930344563,historical
H133,0.5350410451249125,historical
H134,0.5299954235274492,historical
H135,0.5142887633283465,historical
H136,0.44077865096104507,historical
H137,0.4825148968837781,historical
H138,0.5644812805819214,historical
H139,0.544629720002411,historical
H140,0.6063827278642773,historical
H141,0.5520982001171442,historical
H142,0.41383936586589015,historical
H143,0.6060376494802107,historical
H144,0.5131888323397016,historical
H145,0.5118089824694271,historical
H146,0.4970650366402985,historical
H147,0.4654247826039038,historical
H148,0.4850219697610197,historical
H149,0.5621532911354327,historical
H150,0.4644424905504487,historical
H151,0.4998841025225931,historical
H152,0.5166319452497177,historical
H153,0.4287202977001901,historical
H154,0.5330043112210157,historical
H155,0.5127487345594817,historical
H156,0.4375153280745191,historical
H157,0.4932746350433951,historical
H158,0.48665232537779246,historical
H159,0.4794758974971374,historical
H160,0.5169481770733926,historical
H161,0.4962753061267271,historical
H162,0.5163201263677639,historical
H163,0.5100586614393386,historical
H164,0.45694752109900655,historical
H165,0.5832901862861717,historical
H166,0.5213491713672147,historical
H167,0.5228825710325772,historical
H168,0.5134283292862282,historical
H169,0.4617330608155761,historical
H170,0.5134666036925702,historical
H171,0.4135730358502394,historical
H172,0.48786148780044597,historical
H173,0.48746210033046017,historical
H174,0.5189604319651994,historical
H175,0.4638386166959808,historical
H176,0.4605297547907957,historical
H177,0.5037670771670877,historical
H178,0.5930785782800371,historical
H179,0.49245431497410447,historical
H180,0.5450966267296575,historical
H181,0.4943061503938461,historical
H182,0.5491093515894665,historical
H183,0.5619580906316748,historical
H184,0.5694347484305001,historical
H185,0.5411217584125365,historical
H186,0.5679335459813786,historical
H187,0.4867752313800545,historical
H188,0.4865431851994847,historical
H189,0.5074817958675503,historical
H190,0.4934827092187556,historical
H191,0.48905166608158507,historical
H192,0.4918481601133044,historical
H193,0.5177408066945862,historical
H194,0.45151565784965203,historical
H195,0.5532761206238659,historical
H196,0.43523820977493854,historical
H197,0.5245830361698267,historical
H198,0.4969395465783859,historical
H199,0.5799758871131664,historical
H200,0.5806682512319481,historical
H201,0.4383532995410467,historical
H202,0.5832976578369543,historical
H203,0.48218437236300987,historical
H204,0.5211936553795189,historical
H205,0.5003381024311273,historical
H206,0.4880875222128198,historical
H207,0.5557010739237531,historical
H208,0.5164590524525766,historical
H209,0.5483607042450269,historical
H210,0.5511020587148535,historical
H211,0.520379131352056,historical
H212,0.46817868160612763,historical
H213,0.44898834573408125,historical
H214,0.5722899543463991,historical
H215,0.49525329425543224,historical
H216,0.5870364589003569,historical
H217,0.49760671626173797,historical
H218,0.5259500545116074,historical
H219,0.49765053380329805,historical
H220,0.48949521738839796,historical
H221,0.4749280789249066,historical
H222,0.5356103655180571,historical
H223,0.4856141872316233,historical
H224,0.5255025811155335,historical
H225,0.5150540487487091,historical
H226,0.5181202241337458,historical
H227,0.5255695184238427,historical
H228,0.5706556786458292,historical
H229,0.4864466174121416,historical
H230,0.5687027644460172,historical
H231,0.54780856790134,historical
H232,0.5050185187517499,historical
H233,0.5838150011846793,historical
H234,0.534981163754154,historical
H235,0.4928121441786891,historical
H236,0.6052105123664194,historical
H237,0.4228896556792823,historical
H238,0.5464786077674072,historical
H239,0.40019008378373694,historical
H240,0.5719453071308664,historical
H241,0.5836798015638685,historical
H242,0.5536788637198123,historical
H243,0.5654960909651635,historical
H244,0.6035485481827947,historical
H245,0.42064958417477155,historical
H246,0.475126851189129,historical
H247,0.4315274753542829,historical
H248,0.43184943439546813,historical
H249,0.45645862298174833,historical
H250,0.4766024246521595,historical
H251,0.43254857386565204,historical
H252,0.5521510893019351,historical
H253,0.5088343132274799,historical
H254,0.47381850747048665,historical
H255,0.4944981466530229,historical
H256,0.5730337731403639,historical
H257,0.49040404019775424,historical
H258,0.527856438620831,historical
H259,0.5978840470948077,historical
H260,0.48905166608158507,historical
H261,0.5550448747713457,historical
H262,0.5473946296064203,historical
H263,0.4941457774499045,historical
H264,0.5114074332565299,historical
H265,0.5981100237511523,historical
H266,0.45855355042262264,historical
H267,0.5006973676423959,historical
H268,0.4900299284091825,historical
H269,0.5673641508519311,historical
H270,0.4422753270781612,historical
H271,0.41512579199556826,historical
H272,0.4577855039932829,historical
H273,0.4873250496461078,historical
H274,0.45546911866002765,historical
H275,0.5363632830456906,historical
H276,0.4780076279250479,historical
H277,0.42075762014445567,historical
H278,0.49757382753525764,historical
H279,0.5234067835731617,historical
H280,0.4600660202292905,historical
H281,0.48905166608158507,historical
H282,0.5514976421695433,historical
H283,0.6089259907490835,historical
H284,0.4296457954364992,historical
H285,0.5285893712356118,historical
H286,0.5541406913896368,historical
H287,0.43262137167424386,historical
H288,0.5385147123981184,historical
H289,0.5030838503728844,historical
H290,0.557204029256627,historical
H291,0.5618740325411428,historical
H292,0.44029713689705663,historical
H293,0.4730989149988898,historical
H294,0.5400004624703995,historical
H295,0.5801531477847136,historical
H296,0.5057758632390799,historical
H297,0.5774714113934689,historical
H298,0.5930785782800371,historical
H299,0.49245431497410447,historical
H300,0.5067084534374319,historical
H301,0.48905166608158507,historical
H302,0.5622308289317793,historical
H303,0.543185829658906,historical
H304,0.4779611917472206,historical
H305,0.4784869183318569,historical
H306,0.5253917095447163,historical
H307,0.4904007026645579,historical
H308,0.49656730633095764,historical
H309,0.46159146008190105,historical
H310,0.4647947029658769,historical
H311,0.5678382412592052,historical
H312,0.5468065819323181,historical
H313,0.45203296502712204,historical
H314,0.5059756284659753,historical
H315,0.42090080124534296,historical
H316,0.5080216619773166,historical
H317,0.4416035405371376,historical
H318,0.5586809148795078,historical
H319,0.49193594447454925,historical
H320,0.45468843678855003,historical
H321,0.5138435502712114,historical
H322,0.5110626912392993,historical
H323,0.5019416696312284,historical
H324,0.5289313732107686,historical
H325,0.5236109673186375,historical
H326,0.45888641744798925,historical
H327,0.4135730358502394,historical
H328,0.49325885223492616,historical
H329,0.4864495709360014,historical
H330,0.5068415206644152,historical
