id,title,year,field,B4_graph_pmi_inv,B4_graph_newedge
R0,An Empirical Analysis of Search in GSAT,0,ALL,-30.36888898543994,1.0
R1,Substructure Discovery Using Minimum Description Length and Background Knowledge,0,ALL,-30.36888898543994,1.0
R2,Bias-Driven Revision of Logical Domain Theories,0,ALL,-30.36888898543994,1.0
R3,Wrap-Up: a Trainable Discourse Module for Information Extraction,0,ALL,-19.202537110649686,1.0
R4,Cost-Sensitive Classification: Empirical Evaluation of a Hybrid Genetic Decision Tree Induction Algorithm,0,ALL,-15.585344026803474,1.0
R5,FLECS: Planning with a Flexible Commitment Strategy,0,ALL,-4.539677674586888,1.0
R6,Induction of First-Order Decision Lists: Results on Learning the Past Tense of English Verbs,0,ALL,-30.36888898543994,1.0
R7,Building and Refining Abstract Planning Cases by Change of Representation Language,0,ALL,-30.36888898543994,1.0
R8,OPUS: An Efficient Admissible Algorithm for Unordered Search,0,ALL,-30.36888898543994,1.0
R9,Translating between Horn Representations and their Characteristic Models,0,ALL,-30.36888898543994,1.0
R10,A Formal Framework for Speedup Learning from Problems and Solutions,0,ALL,-30.36888898543994,1.0
R11,Cue Phrase Classification Using Machine Learning,0,ALL,-19.31410888628179,1.0
R12,MUSE CSP: An Extension to the Constraint Satisfaction Problem,0,ALL,-26.004513360250364,1.0
R13,Exploiting Causal Independence in Bayesian Network Inference,0,ALL,-30.36888898543994,1.0
R14,Flaw Selection Strategies for Partial-Order Planning,0,ALL,-30.368888985439945,1.0
R15,Cached Sufficient Statistics for Efficient Machine Learning with Large Datasets,0,ALL,-30.36888898543994,1.0
R16,Model-Based Diagnosis using Structured System Descriptions,0,ALL,-30.36888898543994,1.0
R17,A reusable iterative optimization software library to solve combinatorial problems with approximate reasoning,0,ALL,-30.36888898543994,1.0
R18,Iterative Deepening Branch and Bound,0,ALL,-30.36888898543994,1.0
R19,On the accuracy and running time of GSAT,0,ALL,-18.90864377824307,1.0
R20,ACLP: Integrating Abduction and Constraint Solving,0,ALL,-19.31410888628179,1.0
R21,Probabilistic Default Reasoning with Conditional Constraints,0,ALL,-27.182145177762372,1.0
R22,Planning with Incomplete Information,0,ALL,-30.36888898543994,1.0
R23,SATEN: An Object-Oriented Web-Based Revision and Extraction Engine,0,ALL,-30.36888898543994,1.0
R24,DATALOG with constraints - an answer-set programming system,0,ALL,-14.550834856519126,1.0
R25,Brainstorm/J: a Java Framework for Intelligent Agents,0,ALL,-30.36888898543994,1.0
R26,Searching for Plannable Domains can Speed up Reinforcement Learning,0,ALL,-20.007256066466734,1.0
R27,A Framework for Searching AND/OR Graphs with Cycles,0,ALL,-30.36888898543994,1.0
R28,Pruning Isomorphic Structural Sub-problems in Configuration,0,ALL,-30.36888898543994,1.0
R29,"Probabilistic Reasoning as Information Compression by Multiple Alignment, Unification and Search: An Introduction and Overview",0,ALL,-30.36888898543994,1.0
R30,Parametric Connectives in Disjunctive Logic Programming,0,ALL,-30.368888985439938,1.0
R31,Logic-Based Specification Languages for Intelligent Software Agents,0,ALL,-30.368888985439934,1.0
R32,Modeling Object Oriented Constraint Programs in Z,0,ALL,-7.1439536690111805,1.0
R33,Data Mining Approach for Analyzing Call Center Performance,0,ALL,-30.36888898543994,1.0
R34,A Concurrent Fuzzy-Neural Network Approach for Decision Support Systems,0,ALL,-30.36888898543994,1.0
R35,Business Intelligence from Web Usage Mining,0,ALL,-30.36888898543994,1.0
R36,Regression with respect to sensing actions and partial states,0,ALL,-17.454283330013414,1.0
R37,Decomposition Based Search - A theoretical and experimental evaluation,0,ALL,-30.368888985439938,1.0
R38,Proportional Conflict Redistribution Rules for Information Fusion,0,ALL,-9.645623147493527,1.0
R39,Planning with Preferences using Logic Programming,0,ALL,-4.539677674586888,1.0
R40,K-Histograms: An Efficient Clustering Algorithm for Categorical Dataset,0,ALL,-7.343038055399483,1.0
R41,"An efficient memetic, permutation-based evolutionary algorithm for real-world train timetabling",0,ALL,-30.36888898543994,1.0
R42,Evolution of Voronoi based Fuzzy Recurrent Controllers,0,ALL,-20.007256066466734,1.0
R43,Processing Uncertainty and Indeterminacy in Information Systems success mapping,0,ALL,-30.36888898543994,1.0
R44,Truecluster: robust scalable clustering with model selection,0,ALL,-7.343038055399483,1.0
R45,Divide-and-Evolve: a New Memetic Scheme for Domain-Independent Temporal Planning,0,ALL,-30.36888898543994,1.0
R46,Approximation Algorithms for K-Modes Clustering,0,ALL,-18.855963520419714,1.0
R47,Retraction and Generalized Extension of Computing with Words,0,ALL,-30.36888898543994,1.0
R48,Fusion of qualitative beliefs using DSmT,0,ALL,-30.36888898543994,1.0
R49,Decentralized Failure Diagnosis of Stochastic Discrete Event Systems,0,ALL,-30.36888898543994,1.0
R50,Structure and Problem Hardness: Goal Asymmetry and DPLL Proofs in<br> SAT-Based Planning,0,ALL,-4.299292250995879,0.75
R51,Case Base Mining for Adaptation Knowledge Acquisition,0,ALL,-30.36888898543994,1.0
R52,Fuzzy Artmap and Neural Network Approach to Online Processing of Inputs with Missing Values,0,ALL,-16.917410215984876,1.0
R53,On-Line Condition Monitoring using Computational Intelligence,0,ALL,-30.36888898543994,1.0
R54,The Road to Quantum Artificial Intelligence,0,ALL,-19.457949922466014,1.0
R55,Qualitative Belief Conditioning Rules (QBCR),0,ALL,-30.36888898543994,1.0
R56,Fitness landscape of the cellular automata majority problem: View from the Olympus,0,ALL,-30.36888898543994,1.0
R57,Lagrangian Relaxation for MAP Estimation in Graphical Models,0,ALL,-30.36888898543994,1.0
R58,Decomposition During Search for Propagation-Based Constraint Solvers,0,ALL,-30.36888898543994,1.0
R59,Bin Packing Under Multiple Objectives - a Heuristic Approximation Approach,0,ALL,-9.645623147493529,1.0
R60,Extended ASP tableaux and rule redundancy in normal logic programs,0,ALL,-19.111376332269373,1.0
R61,Classification dynamique d'un flux documentaire : une évaluation statique préalable de l'algorithme GERMEN,0,ALL,-30.36888898543994,1.0
R62,Learning DTW Global Constraint for Time Series Classification,0,ALL,-6.455236897553456,1.0
R63,A Novel Two-Stage Dynamic Decision Support based Optimal Threat Evaluation and Defensive Resource Scheduling Algorithm for Multi Air-borne threats,0,ALL,-30.368888985439938,1.0
R64,Reasoning about Cardinal Directions between Extended Objects,0,ALL,2.081967722363198,1.0
R65,A Local Search Modeling for Constrained Optimum Paths Problems (Extended Abstract),0,ALL,-30.36888898543994,1.0
R66,Finite element model selection using Particle Swarm Optimization,0,ALL,-19.66068247643676,1.0
R67,$α$-Discounting Multi-Criteria Decision Making ($α$-D MCDM),0,ALL,-30.36888898543994,1.0
R68,Model-Driven Constraint Programming,0,ALL,-30.36888898543994,1.0
R69,A new model for solution of complex distributed constrained problems,0,ALL,-30.36888898543994,1.0
R70,Terrorism Event Classification Using Fuzzy Inference Systems,0,ALL,-23.23008464610449,1.0
R71,Online Cake Cutting,0,ALL,-30.36888898543994,1.0
R72,Logic-Based Decision Support for Strategic Environmental Assessment,0,ALL,-30.36888898543994,1.0
R73,AI 3D Cybug Gaming,0,ALL,-30.36888898543994,1.0
R74,General Scaled Support Vector Machines,0,ALL,-7.949757703014833,1.0
R75,Introduction to the iDian,0,ALL,-30.36888898543994,1.0
R76,Prunnig Algorithm of Generation a Minimal Set of Rule Reducts Based on Rough Set Theory,0,ALL,-30.368888985439938,1.0
R77,Significance of Classification Techniques in Prediction of Learning Disabilities,0,ALL,-30.36888898543994,1.0
R78,URSA: A System for Uniform Reduction to SAT,0,ALL,-18.855963520419714,1.0
R79,SAPFOCS: a metaheuristic based approach to part family formation problems in group technology,0,ALL,-26.08560638183867,1.0
R80,Evolving Genes to Balance a Pole,0,ALL,-30.36888898543994,1.0
R81,Growing a Tree in the Forest: Constructing Folksonomies by Integrating Structured Metadata,0,ALL,-30.36888898543994,1.0
R82,A general approach to belief change in answer set programming,0,ALL,-23.230084646104487,1.0
R83,Learning Efficient Disambiguation,0,ALL,-30.368888985439934,1.0
R84,Resolving Part-of-Speech Ambiguity in the Greek Language Using Learning Techniques,0,ALL,-30.36888898543994,1.0
R85,Implementing Integrity Constraints in an Existing Belief Revision System,0,ALL,-30.36888898543994,1.0
R86,Reasoning with Axioms: Theory and Pratice,0,ALL,-30.36888898543994,1.0
R87,Semantic Parsing based on Verbal Subcategorization,0,ALL,-3.9350370078728414,1.0
R88,Boosting Applied to Word Sense Disambiguation,0,ALL,-25.94697694577668,1.0
R89,Naive Bayes and Exemplar-Based approaches to Word Sense Disambiguation Revisited,0,ALL,-19.487395681359274,1.0
R90,Coaxing Confidences from an Old Friend: Probabilistic Classifications from Transformation Rule Lists,0,ALL,-30.36888898543994,1.0
R91,Stacking classifiers for anti-spam filtering of e-mail,0,ALL,-30.36888898543994,1.0
R92,Propositional satisfiability in answer-set programming,0,ALL,-25.156626376614728,1.0
R93,aspps --- an implementation of answer-set programming with propositional schemata,0,ALL,-30.36888898543994,1.0
R94,A Logic Programming Approach to Knowledge-State Planning: Semantics and Complexity,0,ALL,-22.999035586001174,1.0
R95,Computing Preferred Answer Sets by Meta-Interpretation in Answer Set Programming,0,ALL,-15.031929030285,0.8333333333333334
R96,"The Mysterious Optimality of Naive Bayes: Estimation of the Probability in the System of ""Classifiers""",0,ALL,-8.25932878712364,1.0
R97,Robust Global Localization Using Clustered Particle Filtering,0,ALL,-30.36888898543994,1.0
R98,Relational Association Rules: getting WARMeR,0,ALL,-30.36888898543994,1.0
R99,A Polynomial Translation of Logic Programs with Nested Expressions into Disjunctive Logic Programs: Preliminary Report,0,ALL,-30.36888898543994,1.0
R100,Offline Specialisation in Prolog Using a Hand-Written Compiler Generator,0,ALL,-30.368888985439938,1.0
R101,Approximate Grammar for Information Extraction,0,ALL,-9.645623147493529,1.0
R102,Conflict-based Force Aggregation,0,ALL,-18.60765057718288,1.0
R103,Bounded LTL Model Checking with Stable Models,0,ALL,-30.36888898543994,1.0
R104,"'Computing' as Information Compression by Multiple Alignment, Unification and Search",0,ALL,-25.946976945776683,1.0
R105,"Syntax, Parsing and Production of Natural Language in a Framework of Information Compression by Multiple Alignment, Unification and Search",0,ALL,-23.461133706124464,1.0
R106,Learning in Multiagent Systems: An Introduction from a Game-Theoretic Perspective,0,ALL,-30.36888898543994,1.0
R107,Abduction in Well-Founded Semantics and Generalized Stable Models,0,ALL,-25.188072525953334,1.0
R108,Intelligent search strategies based on adaptive Constraint Handling Rules,0,ALL,-19.457949922466014,1.0
R109,A FP-Tree Based Approach for Mining All Strongly Correlated Pairs without Candidate Generation,0,ALL,-30.36888898543994,1.0
R110,ANTIDS: Self-Organized Ant-based Clustering Model for Intrusion Detection System,0,ALL,-21.75915188182226,1.0
R111,Self-Organized Stigmergic Document Maps: Environment as a Mechanism for Context Learning,0,ALL,-28.296562401645303,1.0
R112,Map Segmentation by Colour Cube Genetic K-Mean Clustering,0,ALL,-19.287674714481792,1.0
R113,Image Colour Segmentation by Genetic Algorithms,0,ALL,-17.910238776340613,1.0
R114,A Suffix Tree Approach to Email Filtering,0,ALL,-30.36888898543994,1.0
R115,Componentwise Least Squares Support Vector Machines,0,ALL,-7.101824980775485,1.0
R116,A Unified Subspace Outlier Ensemble Framework for Outlier Detection in High Dimensional Spaces,0,ALL,-23.46113370612447,1.0
R117,A Fast Greedy Algorithm for Outlier Mining,0,ALL,-20.007256066466734,1.0
R118,K-ANMI: A Mutual Information Based Clustering Algorithm for Categorical Data,0,ALL,-7.343038055399483,1.0
R119,Probabilistic Automata for Computing with Words,0,ALL,-30.36888898543994,1.0
R120,An application-oriented terminology evaluation: the case of back-of-the book indexes,0,ALL,-30.36888898543994,1.0
R121,Universal Algorithmic Intelligence: A mathematical top->down approach,0,ALL,-26.224235817850662,1.0
R122,Multimodal Meaning Representation for Generic Dialogue Systems Architectures,0,ALL,-30.36888898543994,1.0
R123,Improving ecological niche models by data mining large environmental datasets for surrogate models,0,ALL,-30.36888898543994,1.0
R124,Introduction to Arabic Speech Recognition Using CMUSphinx System,0,ALL,-25.90234823552384,1.0
R125,Arabic Speech Recognition System using CMU-Sphinx4,0,ALL,-24.785713048044812,1.0
R126,Clustering with Lattices in the Analysis of Graph Patterns,0,ALL,-30.36888898543994,1.0
R127,Multi-Dimensional Recurrent Neural Networks,0,ALL,-23.46113370612447,1.0
R128,Condition Monitoring of HV Bushings in the Presence of Missing Data Using Evolutionary Computing,0,ALL,-4.263728255890816,1.0
R129,On complexity of optimized crossover for binary representations,0,ALL,-30.36888898543994,1.0
R130,Virtual Sensor Based Fault Detection and Classification on a Plasma Etch Reactor,0,ALL,-30.36888898543994,1.0
R131,Learning Probabilistic Models of Word Sense Disambiguation,0,ALL,-30.36888898543994,1.0
R132,Classification of Images Using Support Vector Machines,0,ALL,-30.36888898543994,1.0
R133,A Recommender System based on the Immune Network,0,ALL,-16.322329366789017,1.0
R134,Movie Recommendation Systems Using An Artificial Immune System,0,ALL,-30.36888898543994,1.0
R135,Design and Implementation of Aggregate Functions in the DLV System,0,ALL,-9.645623147493529,1.0
R136,A Recommender System based on Idiotypic Artificial Immune Networks,0,ALL,-23.230084646104487,1.0
R137,Binary Decision Diagrams for Affine Approximation,0,ALL,-30.36888898543994,1.0
R138,Symmetry Breaking for Maximum Satisfiability,0,ALL,-25.48338276135059,1.0
R139,An Analysis of Key Factors for the Success of the Communal Management of Knowledge,0,ALL,-30.36888898543994,1.0
R140,A Pseudo-Boolean Solution to the Maximum Quartet Consistency Problem,0,ALL,-18.967535296064316,1.0
R141,MOOPPS: An Optimization System for Multi Objective Scheduling,0,ALL,-30.36888898543994,1.0
R142,Temporal Difference Updating without a Learning Rate,0,ALL,-8.25932878712364,1.0
R143,Justifications for Logic Programs under Answer Set Semantics,0,ALL,-10.116905319282623,1.0
R144,Emerge-Sort: Converging to Ordered Sequences by Simple Local Operators,0,ALL,-30.36888898543994,1.0
R145,The Offset Tree for Learning with Partial Labels,0,ALL,-9.645623147493529,1.0
R146,Finding Still Lifes with Memetic/Exact Hybrid Algorithms,0,ALL,-30.36888898543994,1.0
R147,Algorithms for Weighted Boolean Optimization,0,ALL,-25.188072525953338,1.0
R148,"Design, development and implementation of a tool for construction of declarative functional descriptions of semantic web services based on WSMO methodology",0,ALL,-30.36888898543994,1.0
R149,Online prediction of ovarian cancer,0,ALL,-30.36888898543994,1.0
R150,On the Workings of Genetic Algorithms: The Genoclique Fixing Hypothesis,0,ALL,-30.36888898543994,1.0
R151,A Minimum Description Length Approach to Multitask Feature Selection,0,ALL,-30.36888898543994,1.0
R152,Mining Compressed Repetitive Gapped Sequential Patterns Efficiently,0,ALL,-30.36888898543994,1.0
R153,Apply Local Clustering Method to Improve the Running Speed of Ant Colony Optimization,0,ALL,-19.202537110649686,1.0
R154,Graphical Probabilistic Routing Model for OBS Networks with Realistic Traffic Scenario,0,ALL,-30.36888898543994,1.0
R155,Manipulation and gender neutrality in stable marriage procedures,0,ALL,-23.46113370612447,1.0
R156,An Agent Based Classification Model,0,ALL,-24.638766381841506,1.0
R157,Dendritic Cells for Anomaly Detection,0,ALL,-30.36888898543994,1.0
R158,A new approach to content-based file type detection,0,ALL,-8.952475967433584,1.0
R159,Exploration Of The Dendritic Cell Algorithm Using The Duration Calculus,0,ALL,-7.448398571046199,1.0
R160,Information Fusion in the Immune System,0,ALL,-30.36888898543994,1.0
R161,Belief Propagation for Min-cost Network Flow: Convergence and Correctness,0,ALL,-22.999035586001174,1.0
R162,Nurse Rostering with Genetic Algorithms,0,ALL,-30.36888898543994,1.0
R163,GRASP for the Coalition Structure Formation Problem,0,ALL,-30.36888898543994,1.0
R164,PCA 4 DCA: The Application Of Principal Component Analysis To The Dendritic Cell Algorithm,0,ALL,2.5991266647485642,1.0
R165,Mirrored Language Structure and Innate Logic of the Human Brain as a Computable Model of the Oracle Turing Machine,0,ALL,-30.36888898543994,1.0
R166,From RESTful Services to RDF: Connecting the Web and the Semantic Web,0,ALL,-21.87090549829976,1.0
R167,Counterexample Guided Abstraction Refinement Algorithm for Propositional Circumscription,0,ALL,-30.36888898543994,1.0
R168,Formalization of Psychological Knowledge in Answer Set Programming and its Application,0,ALL,-30.36888898543994,1.0
R169,Machine Learning Approaches for Modeling Spammer Behavior,0,ALL,-30.36888898543994,1.0
R170,Gaussian Process Bandits for Tree Search: Theory and Application to Planning in Discounted MDPs,0,ALL,-30.36888898543994,1.0
R171,Hierarchical Semi-Markov Conditional Random Fields for Recursive Sequential Data,0,ALL,-30.36888898543994,1.0
R172,An Embarrassingly Simple Speed-Up of Belief Propagation with Robust Potentials,0,ALL,-22.999035586001174,1.0
R173,Predictive State Temporal Difference Learning,0,ALL,-25.946976945776676,1.0
R174,Covered Clause Elimination,0,ALL,-7.343038055399483,1.0
R175,MUDOS-NG: Multi-document Summaries Using N-gram Graphs (Tech Report),0,ALL,-18.64884474818712,1.0
R176,Inverse-Category-Frequency based supervised term weighting scheme for text categorization,0,ALL,-30.36888898543994,1.0
R177,An Image-Based Sensor System for Autonomous Rendez-Vous with Uncooperative Satellites,0,ALL,-30.36888898543994,1.0
R178,A Multi-stage Probabilistic Algorithm for Dynamic Path-Planning,0,ALL,-6.81240980437849,1.0
R179,Combining a Probabilistic Sampling Technique and Simple Heuristics to solve the Dynamic Path Planning Problem,0,ALL,-17.621913754729665,1.0
R180,Learning to Predict Combinatorial Structures,0,ALL,-25.188072525953338,1.0
R181,Incremental Parser Generation for Tree Adjoining Grammars,0,ALL,-30.36888898543994,1.0
R182,Processing Unknown Words in HPSG,0,ALL,-30.36888898543994,1.0
R183,Computing Declarative Prosodic Morphology,0,ALL,-14.851396602506787,1.0
R184,Empirically Evaluating an Adaptable Spoken Dialogue System,0,ALL,-30.36888898543994,1.0
R185,Temporal Meaning Representations in a Natural Language Front-End,0,ALL,-30.36888898543994,1.0
R186,A Real World Implementation of Answer Extraction,0,ALL,-25.50753203035388,1.0
R187,Exploiting Syntactic Structure for Natural Language Modeling,0,ALL,-30.36888898543994,1.0
R188,Structured Language Modeling for Speech Recognition,0,ALL,-30.36888898543994,1.0
R189,Looking at discourse in a corpus: The role of lexical cohesion,0,ALL,-7.486879091538707,1.0
R190,"On the Scalability of the Answer Extraction System ""ExtrAns""",0,ALL,-30.36888898543994,1.0
R191,Trainable Methods for Surface Natural Language Generation,0,ALL,-30.36888898543994,1.0
R192,Aspects of Pattern-Matching in Data-Oriented Parsing,0,ALL,-9.645623147493529,1.0
R193,Selectional Restrictions in HPSG,0,ALL,-30.36888898543994,1.0
R194,Bunsetsu Identification Using Category-Exclusive Rules,0,ALL,-23.46113370612447,1.0
R195,Japanese Probabilistic Information Retrieval Using Location and Category Information,0,ALL,-30.36888898543994,1.0
R196,Microplanning with Communicative Intentions: The SPUD System,0,ALL,-23.878101025334963,1.0
R197,Part-of-Speech Tagging with Two Sequential Transducers,0,ALL,-30.368888985439938,1.0
R198,Combining semantic and syntactic structure for language modeling,0,ALL,-18.808308430522096,1.0
R199,Part of Speech Tagging in Thai Language Using Support Vector Machine,0,ALL,-23.46113370612447,1.0
R200,Computational Phonology,0,ALL,-30.36888898543994,1.0
R201,An Approach for Resource Sharing in Multilingual NLP,0,ALL,-8.291598047675759,1.0
R202,A Public Reference Implementation of the RAP Anaphora Resolution Algorithm,0,ALL,-25.68262577781688,1.0
R203,Unsupervised Topic Adaptation for Lecture Speech Retrieval,0,ALL,-30.36888898543994,1.0
R204,"An Anthological Review of Research Utilizing MontyLingua, a Python-Based End-to-End Text Processor",0,ALL,-30.36888898543994,1.0
R205,Framework and Resources for Natural Language Parser Evaluation,0,ALL,-16.322329366789017,1.0
R206,Methods to integrate a language model with semantic information for a word prediction component,0,ALL,-4.298515617771299,1.0
R207,A chain dictionary method for Word Sense Disambiguation and applications,0,ALL,-24.566845863735505,1.0
R208,Une grammaire formelle du créole martiniquais pour la génération automatique,0,ALL,-7.566181606688693,1.0
R209,What's in a Message?,0,ALL,-18.484994848081215,1.0
R210,Induction of Word and Phrase Alignments for Automatic Document Summarization,0,ALL,-25.615331330496453,1.0
R211,A Noisy-Channel Model for Document Compression,0,ALL,-4.298515617771299,1.0
R212,Pattern Based Term Extraction Using ACABIT System,0,ALL,-30.36888898543994,1.0
R213,Multiple Retrieval Models and Regression Models for Prior Art Search,0,ALL,-30.36888898543994,1.0
R214,Standards for Language Resources,0,ALL,-30.36888898543994,1.0
R215,Towards Effective Sentence Simplification for Automatic Processing of Biomedical Text,0,ALL,-22.92465440224644,1.0
R216,Approximations to the MMI criterion and their effect on lattice-based MMI,0,ALL,-30.36888898543994,1.0
R217,Why has (reasonably accurate) Automatic Speech Recognition been so hard to achieve?,0,ALL,-22.494618263963375,1.0
R218,Learning Recursive Segments for Discourse Parsing,0,ALL,-30.36888898543994,1.0
R219,Complete Complementary Results Report of the MARF's NLP Approach to the DEFT 2010 Competition,0,ALL,-30.36888898543994,1.0
R220,For the sake of simplicity: Unsupervised extraction of lexical simplifications from Wikipedia,0,ALL,-4.298515617771299,1.0
R221,Learning Taxonomy for Text Segmentation by Formal Concept Analysis,0,ALL,-30.36888898543994,1.0
R222,"Image Compression with Iterated Function Systems, Finite Automata and Zerotrees: Grand Unification",0,ALL,-30.36888898543994,1.0
R223,Gradient Vector Flow Models for Boundary Extraction in 2D Images,0,ALL,-0.6464570461264056,1.0
R224,"The Perceptron Algorithm: Image and Signal Decomposition, Compression, and Analysis by Iterative Gaussian Blurring",0,ALL,-26.00451336025037,1.0
R225,Enhancement of Noisy Planar Nuclear Medicine Images using Mean Field Annealing,0,ALL,-30.36888898543994,1.0
R226,MI image registration using prior knowledge,0,ALL,-30.36888898543994,1.0
R227,Variational local structure estimation for image super-resolution,0,ALL,-19.732602994466376,1.0
R228,A Class of LULU Operators on Multi-Dimensional Arrays,0,ALL,-30.36888898543994,1.0
R229,Wavelet and Curvelet Moments for Image Classification: Application to Aggregate Mixture Grading,0,ALL,-9.096317003492807,1.0
R230,Sparse Component Analysis (SCA) in Random-valued and Salt and Pepper Noise Removal,0,ALL,-30.36888898543994,1.0
R231,Point-Set Registration: Coherent Point Drift,0,ALL,-30.36888898543994,1.0
R232,Learning Object Location Predictors with Boosting and Grammar-Guided Feature Extraction,0,ALL,-10.273588596399588,1.0
R233,Kernel Spectral Curvature Clustering (KSCC),0,ALL,-30.36888898543994,1.0
R234,Motion Segmentation by SCC on the Hopkins 155 Database,0,ALL,-30.36888898543994,1.0
R235,An Iterative Shrinkage Approach to Total-Variation Image Restoration,0,ALL,-9.645623147493529,1.0
R236,An Optimal Method For Wake Detection In SAR Images Using Radon Transformation Combined With Wavelet Filters,0,ALL,-4.87493852401939,1.0
R237,Boosting k-NN for categorization of natural scenes,0,ALL,-15.442643590619648,1.0
R238,Gradient Based Seeded Region Grow method for CT Angiographic Image Segmentation,0,ALL,-23.094929610123987,1.0
R239,Nonlinear Filter Based Image Denoising Using AMF Approach,0,ALL,-25.188072525953334,1.0
R240,Pattern recognition using inverse resonance filtration,0,ALL,-30.36888898543994,1.0
R241,Land-cover Classification and Mapping for Eastern Himalayan State Sikkim,0,ALL,-30.36888898543994,1.0
R242,Recognition of Handwritten Roman Script Using Tesseract Open source OCR Engine,0,ALL,-19.31410888628179,1.0
R243,Development of a Multi-User Recognition Engine for Handwritten Bangla Basic Characters and Digits,0,ALL,-19.31410888628179,1.0
R244,Regularized Richardson-Lucy Algorithm for Sparse Reconstruction of Poissonian Images,0,ALL,-30.36888898543994,1.0
R245,A New Approach to Lung Image Segmentation using Fuzzy Possibilistic C-Means Algorithm,0,ALL,-30.36888898543994,1.0
R246,Color Image Compression Based On Wavelet Packet Best Tree,0,ALL,-30.36888898543994,1.0
R247,Deblured Gaussian Blurred Images,0,ALL,-20.007256066466734,1.0
R248,Penalized K-Nearest-Neighbor-Graph Based Metrics for Clustering,0,ALL,-8.494330601446507,1.0
R249,Solving Inverse Problems with Piecewise Linear Estimators: From Gaussian Mixture Models to Structured Sparsity,0,ALL,-23.46113370612447,1.0
R250,Survey of Nearest Neighbor Techniques,0,ALL,-30.36888898543995,1.0
R251,A Parallel Framework for Multilayer Perceptron for Human Face Recognition,0,ALL,-17.50637546261184,1.0
R252,Image Pixel Fusion for Human Face Recognition,0,ALL,-7.343038055399483,1.0
R253,Registration of Brain Images using Fast Walsh Hadamard Transform,0,ALL,-30.36888898543994,1.0
R254,Multi-environment model estimation for motility analysis of Caenorhabditis Elegans,0,ALL,-19.03430099236765,1.0
R255,Video Event Recognition for Surveillance Applications (VERSA),0,ALL,-30.36888898543994,1.0
R256,Ear Identification by Fusion of Segmented Slice Regions using Invariant Features: An Experimental Manifold with Dual Fusion Approach,0,ALL,-21.75915188182226,1.0
R257,Optimally Training a Cascade Classifier,0,ALL,-6.554580695089759,1.0
R258,Evolutionary Computational Method of Facial Expression Analysis for Content-based Video Retrieval using 2-Dimensional Cellular Automata,0,ALL,-20.007256066466734,1.0
R259,Modeling Instantaneous Changes In Natural Scenes,0,ALL,-7.96197523298305,1.0
R260,Face Detection with Effective Feature Extraction,0,ALL,11.770789870512827,1.0
R261,Collaborative Sources Identification in Mixed Signals via Hierarchical Sparse Modeling,0,ALL,-30.36888898543994,1.0
R262,Selective Image Super-Resolution,0,ALL,-17.46918487075947,1.0
R263,Generalized Tree-Based Wavelet Transform,0,ALL,-8.547010859492087,1.0
R264,Learning sparse representations of depth,0,ALL,-30.36888898543994,1.0
R265,Sparse motion segmentation using multiple six-point consistencies,0,ALL,-30.36888898543994,1.0
R266,Hierarchical Reinforcement Learning with the MAXQ Value Function Decomposition,0,ALL,-30.36888898543994,1.0
R267,State Abstraction in MAXQ Hierarchical Reinforcement Learning,0,ALL,-30.36888898543994,1.0
R268,Top-down induction of clustering trees,0,ALL,-7.343038055399483,1.0
R269,Preference Learning in Terminology Extraction: A ROC-based approach,0,ALL,-30.36888898543994,1.0
R270,Using Pseudo-Stochastic Rational Languages in Probabilistic Grammatical Inference,0,ALL,-15.834346041618126,0.9375
R271,Parametric Learning and Monte Carlo Optimization,0,ALL,-10.76631460417475,1.0
R272,Density estimation in linear time,0,ALL,-9.645623147493529,1.0
R273,A Novel Clustering Algorithm Based on Quantum Random Walk,0,ALL,-18.855963520419714,1.0
R274,Transfer Learning Using Feature Selection,0,ALL,-30.36888898543994,1.0
R275,Clustering for Improved Learning in Maze Traversal Problem,0,ALL,-30.36888898543994,1.0
R276,Randomized Algorithms for Large scale SVMs,0,ALL,-7.1018249807754845,1.0
R277,Variable sigma Gaussian processes: An expectation propagation perspective,0,ALL,-7.101824980775485,1.0
R278,Competing with Gaussian linear experts,0,ALL,-30.36888898543994,1.0
R279,Online Distributed Sensor Selection,0,ALL,-4.539677674586888,1.0
R280,Asymptotic Analysis of Generative Semi-Supervised Learning,0,ALL,-18.76480274203107,1.0
R281,Model Selection with the Loss Rank Principle,0,ALL,-6.349786282452162,1.0
R282,Extension of Wirtinger's Calculus to Reproducing Kernel Hilbert Spaces and the Complex Kernel LMS,0,ALL,-30.36888898543994,1.0
R283,Comparison of Support Vector Machine and Back Propagation Neural Network in Evaluating the Enterprise Financial Distress,0,ALL,-14.761618958193601,1.0
R284,Efficient L1/Lq Norm Regularization,0,ALL,-18.35933763394605,1.0
R285,Algorithms for nonnegative matrix factorization with the beta-divergence,0,ALL,-27.17850273549987,1.0
R286,"How I won the ""Chess Ratings - Elo vs the Rest of the World"" Competition",0,ALL,-30.36888898543994,1.0
R287,Positive factor networks: A graphical framework for modeling non-negative sequential data,0,ALL,-26.799486815772212,1.0
R288,Delay-Optimal Power and Subcarrier Allocation for OFDMA Systems via Stochastic Approximation,0,ALL,-30.36888898543994,1.0
R289,A Novel method for the design of 2-DOF Parallel mechanisms for machining applications,0,ALL,-30.36888898543994,1.0
R290,"The Virtual Manufacturing concept: Scope, Socio-Economic Aspects and Future Trends",0,ALL,-30.36888898543994,1.0
R291,"Architecture Optimization of a 3-DOF Translational Parallel Mechanism for Machining Applications, the Orthoglide",0,ALL,-30.36888898543994,1.0
R292,Design Strategies for the Geometric Synthesis of Orthoglide-type Mechanisms,0,ALL,-30.36888898543994,1.0
R293,Development of Architectures for Internet Telerobotics Systems,0,ALL,-30.36888898543994,1.0
R294,Wavelet Based Iterative Learning Control with Fuzzy PD Feedback for Position Tracking of A Pneumatic Servo System,0,ALL,-30.36888898543994,1.0
R295,Urologic robots and future directions,0,ALL,-30.36888898543994,1.0
R296,Robust Global Localization Using Clustered Particle Filtering,0,ALL,-30.36888898543994,1.0
R297,Automatic Image Segmentation by Dynamic Region Merging,0,ALL,-24.841498935860866,1.0
R298,A Multi-stage Probabilistic Algorithm for Dynamic Path-Planning,0,ALL,-6.81240980437849,1.0
R299,Combining a Probabilistic Sampling Technique and Simple Heuristics to solve the Dynamic Path Planning Problem,0,ALL,-17.621913754729665,1.0
R300,Bayesian Classification and Regression with High Dimensional Features,0,ALL,-18.735356983107714,1.0
R301,The nested Chinese restaurant process and Bayesian nonparametric inference of topic hierarchies,0,ALL,-8.547010859492087,1.0
R302,Component models for large networks,0,ALL,-23.230084646104487,1.0
R303,Supervised functional classification: A theoretical remark and some comparisons,0,ALL,-8.25932878712364,1.0
R304,An information-theoretic derivation of min-cut based clustering,0,ALL,-15.053441870628541,1.0
R305,Reconstruction of Epsilon-Machines in Predictive Frameworks and Decisional States,0,ALL,-23.995401370084803,1.0
R306,KNIFE: Kernel Iterative Feature Extraction,0,ALL,-7.853863679098807,1.0
R307,Bayesian Agglomerative Clustering with Coalescents,0,ALL,-30.36888898543994,1.0
R308,Structured Sparse Principal Component Analysis,0,ALL,-8.547010859492087,1.0
R309,Sparse Convolved Multiple Output Gaussian Processes,0,ALL,-30.36888898543994,1.0
R310,Sparse Group Restricted Boltzmann Machines,0,ALL,-18.35933763394605,1.0
R311,Fast Sparse Decomposition by Iterative Detection-Estimation,0,ALL,-30.36888898543994,1.0
R312,Regularizers for Structured Sparsity,0,ALL,-30.36888898543994,1.0
R313,Exact block-wise optimization in group lasso and sparse group lasso for linear regression,0,ALL,-30.36888898543994,1.0
R314,An Introduction to Conditional Random Fields,0,ALL,-30.36888898543994,1.0
R315,Ultra-high Dimensional Multiple Output Learning With Simultaneous Orthogonal Matching Pursuit: A Sure Screening Approach,0,ALL,-30.36888898543994,1.0
R316,Hyper-sparse optimal aggregation,0,ALL,-30.36888898543994,1.0
R317,Foundations of a Multi-way Spectral Clustering Framework for Hybrid Linear Modeling,0,ALL,-30.36888898543994,1.0
R318,A D.C. Programming Approach to the Sparse Generalized Eigenvalue Problem,0,ALL,-30.36888898543994,1.0
R319,Matrix Completion from Noisy Entries,0,ALL,-16.553378426809,1.0
R320,Sparse Canonical Correlation Analysis,0,ALL,-30.36888898543994,1.0
R321,SpicyMKL,0,ALL,-30.36888898543994,1.0
R322,High-dimensional variable selection for Cox's proportional hazards model,0,ALL,-30.36888898543994,1.0
R323,Incorporating Side Information in Probabilistic Matrix Factorization with Gaussian Processes,0,ALL,-30.36888898543994,1.0
R324,Quantum learning: optimal classification of qubit states,0,ALL,-24.364113309692996,1.0
R325,Graph-Valued Regression,0,ALL,-30.36888898543994,1.0
R326,NESVM: a Fast Gradient Method for Support Vector Machines,0,ALL,-26.365705201608645,1.0
R327,Hierarchical Semi-Markov Conditional Random Fields for Recursive Sequential Data,0,ALL,-30.36888898543994,1.0
R328,Model Selection by Loss Rank for Classification and Unsupervised Learning,0,ALL,-22.362521417777348,1.0
R329,Using a Kernel Adatron for Object Classification with RCS Data,0,ALL,1.062583361509649,1.0
R330,On the numeric stability of the SFA implementation sfa-tk,0,ALL,-30.36888898543994,1.0
