new_id,old_id,S_new,S_old,delta
R0,H659,-0.0191269461519307,-0.7440989180473548,0.7249719718954242
R1,H785,-0.1173110603537202,-0.0895370951662462,-0.027773965187474006
R2,H1582,-0.2718990423520518,-0.8243619120085826,0.5524628696565308
R3,H39,-0.0391316395350712,-0.7750721120034375,0.7359404724683664
R4,H1627,-0.0725040661205366,-0.6964287216196052,0.6239246554990686
R5,H1246,-0.0008089969661293,-0.7524396784199059,0.7516306814537765
R6,H481,-0.112105396798384,-0.5798149300878842,0.4677095332895002
R7,H1534,-0.1668835098575909,-0.0315967464872045,-0.1352867633703864
R8,H2000,-0.0243291765488817,-0.7781803013714494,0.7538511248225678
R9,H498,-0.1587926646169959,-0.1943881091561905,0.03559544453919461
R10,H1188,-0.1617981995423057,-0.6731959970723637,0.511397797530058
R11,H2032,-0.0393487821827028,-0.8247707101633647,0.7854219279806619
R12,H868,-0.2594541324720146,-0.6075249464521343,0.3480708139801197
R13,H1769,-0.008147841857334,-0.6292711328950682,0.6211232910377342
R14,H1976,-0.1127490034410513,-0.1338953432930379,0.021146339851986606
R15,H546,-0.1384142445677981,-0.6525471146618581,0.51413287009406
R16,H1401,-0.1944001119319567,-0.2595043493498953,0.06510423741793861
R17,H1525,-0.1873192700753863,-0.0623880674687438,-0.12493120260664249
R18,H141,-0.1179317276588345,-0.7101922047272234,0.5922604770683889
R19,H1275,-0.0581448836856381,-0.6817005005547631,0.623555616869125
R20,H330,-0.0434014497376575,-0.549049241298489,0.5056477915608315
R21,H1001,-0.2023102306068556,-0.7889404204267043,0.5866301898198487
R22,H1989,-0.1367534488788437,-0.1496932727432889,0.012939823864445199
R23,H1717,-0.0711570381438355,-0.0625454456085183,-0.008611592535317208
R24,H1744,-0.0506873626846851,-0.1885396978647027,0.1378523351800176
R25,H1739,-0.1194970815214747,-0.5254065577861022,0.40590947626462753
R26,H1652,-0.0168599772988033,-0.5391108848698699,0.5222509075710666
R27,H83,-0.1425186133969373,-0.5733791760037465,0.43086056260680927
R28,H326,-0.137739411693638,-0.2014807059201053,0.06374129422646732
R29,H1507,-0.2179690454688281,-0.7253669622952741,0.507397916826446
R30,H623,-0.1801584555381828,-0.3980968769321689,0.2179384213939861
R31,H386,-0.0943934528354597,-0.0126649272507419,-0.0817285255847178
R32,H1535,-0.020419573633851,-0.2746201877290526,0.2542006140952016
R33,H548,-0.1950849010888269,-0.8226901505305346,0.6276052494417077
R34,H891,-0.0605695944832012,-0.7869560807092933,0.7263864862260921
R35,H1904,-0.0931681966628758,-0.4487220883456506,0.3555538916827748
R36,H1463,-0.062309565855597,-0.7714350907182661,0.7091255248626691
R37,H1525,-0.1508689063756016,-0.0623880674687438,-0.0884808389068578
R38,H321,-0.0026858909252907,-0.7034218987715388,0.7007360078462481
R39,H998,-0.0009499391919232,-0.3966755294396428,0.3957255902477196
R40,H2021,-0.0016942392092786,-0.0130360188220852,0.0113417796128066
R41,H953,-0.1898925059628698,-0.4927132474958199,0.30282074153295013
R42,H822,-0.0966549694113958,-0.0816566350809995,-0.014998334330396296
R43,H1775,-0.1200618354103015,-0.8356594051573991,0.7155975697470977
R44,H977,-0.0019092603681676,-0.7823919051322676,0.7804826447641
R45,H733,-0.0841018512078337,-0.064619552248633,-0.0194822989592007
R46,H1719,-0.0262198441360299,-0.3852268808603299,0.3590070367243
R47,H586,-0.1431646883033215,-0.3199095533656352,0.1767448650623137
R48,H1867,-0.0896023271596427,-0.82160273158473,0.7320004044250873
R49,H283,-0.1351787657383552,-0.5977636098293124,0.46258484409095724
R50,H1284,-0.0058559306349133,-0.2657361351682824,0.2598802045333691
R51,H370,-0.0600020193224518,-0.8205584487816092,0.7605564294591575
R52,H347,-0.0449529625009279,-0.7591684780708217,0.7142155155698937
R53,H1053,-0.1601757868933774,-0.3299074844010337,0.1697316975076563
R54,H1371,-0.0635782786780615,-0.5452424206506513,0.48166414197258983
R55,H689,-0.0982424507602964,-0.7605499226925302,0.6623074719322338
R56,H1922,-0.1386079511926062,-0.8172588296678479,0.6786508784752417
R57,H343,-0.1661649143049609,-0.4845375751882708,0.3183726608833099
R58,H1667,-0.1998554764871714,-0.1406780627572902,-0.059177413729881195
R59,H787,-0.0045940674487058,-0.5851409468051405,0.5805468793564347
R60,H1872,-0.0286980800508684,-0.6375941665511512,0.6088960865002828
R61,H756,-0.10177101995495,-0.1096584296934119,0.0078874097384619
R62,H655,-0.0036271800734246,-0.6499294078364668,0.6463022277630422
R63,H1801,-0.1087212132999876,-0.6340060706487514,0.5252848573487637
R64,H1988,-0.003696233671039,-0.5382485259337083,0.5345522922626693
R65,H783,-0.2126046392628905,-0.0793761569106335,-0.13322848235225698
R66,H495,-0.077962314372255,-0.001992078809274,-0.07597023556298099
R67,H1907,-0.1182363974577206,-0.7245113000190417,0.6062749025613211
R68,H2129,-0.0788475102600055,-0.3237820638054136,0.24493455354540808
R69,H1126,-0.1249732409665443,-0.0009373175768796,-0.1240359233896647
R70,H1457,-0.1493040032200175,-0.7953059585886062,0.6460019553685887
R71,H1570,-0.173975628573631,-0.8156921864673286,0.6417165578936975
R72,H93,-0.198544709458826,-0.5696891135333649,0.37114440407453897
R73,H1241,-0.1410964027499487,-0.660987109224433,0.5198907064744843
R74,H782,-0.0067731715819269,-0.7267755785901354,0.7200024070082085
R75,H917,-0.1116145756593959,-0.5886258560615812,0.4770112804021853
R76,H617,-0.1826627411158435,-0.0406889496076835,-0.14197379150815997
R77,H1022,-0.2082962454318725,-0.3732854220575665,0.16498917662569398
R78,H1345,-0.0647646278221652,-0.0671090806870845,0.0023444528649192997
R79,H2014,-0.1669847772777991,-0.5892832464690412,0.4222984691912421
R80,H1883,-0.1619676726895476,-0.0763422021534149,-0.08562547053613269
R81,H1277,-0.1080813073844022,-0.4259222179005751,0.3178409105161729
R82,H543,-0.0820150238995072,-0.5125320014746804,0.43051697757517315
R83,H26,-0.1540542244902512,-0.6698860769674719,0.5158318524772207
R84,H1109,-0.3276566513762661,-0.0617872589342549,-0.2658693924420112
R85,H1083,-0.0782245546214116,-0.7582917948835698,0.6800672402621581
R86,H1459,-0.1310532700640249,-0.4950829461562862,0.3640296760922613
R87,H1099,-0.004021628728507,-0.8102204774773745,0.8061988487488675
R88,H1547,-0.1870421517847537,-0.5952570669105847,0.40821491512583097
R89,H573,-0.0522760319603628,-0.6402288493041365,0.5879528173437737
R90,H738,-0.0817462528008817,-0.3781887721323368,0.2964425193314551
R91,H313,-0.1438910703345998,-0.5707616677897049,0.42687059745510514
R92,H633,-0.2314532782699419,-0.1688243421395824,-0.0626289361303595
R93,H862,-0.1633107967945667,-0.6030758738399145,0.43976507704534773
R94,H1654,-0.0658860599491349,-0.7809598151083063,0.7150737551591714
R95,H195,-0.0355808225993049,-0.3971322046319516,0.3615513820326467
R96,H882,-0.0079892436210165,-0.7995049748503982,0.7915157312293817
R97,H836,-0.1674496043024792,-0.8009516581261875,0.6335020538237083
R98,H1579,-0.1768721248685609,-0.7385528787976632,0.5616807539291022
R99,H1049,-0.1107335559349779,-0.0472159364762225,-0.06351761945875539
R100,H1113,-0.2464147738894554,-0.4558319746993988,0.2094172008099434
R101,H2154,-0.0048808767344123,-0.0674327064077307,0.0625518296733184
R102,H1596,-0.0568415904406242,-0.50194909941256,0.44510750897193585
R103,H124,-0.0605119050645537,-0.0472560994181949,-0.013255805646358802
R104,H1858,-0.3931010634455533,-0.4824234399766001,0.0893223765310468
R105,H73,-0.0581716542560633,-0.7880906589742722,0.7299190047182089
R106,H1527,-0.178100779455113,-0.1612705881926841,-0.01683019126242888
R107,H68,-0.1729517164003552,-0.5997024234706639,0.4267507070703087
R108,H426,-0.0394807789066884,-0.5852100902315913,0.5457293113249029
R109,H292,-0.18683114035165,-0.6816145986347673,0.49478345828311726
R110,H901,-0.0731179827092997,-0.7975718405677888,0.7244538578584891
R111,H337,-0.1925830841455859,-0.7453253034225944,0.5527422192770085
R112,H490,-0.0214664666558025,-0.8276940136266214,0.8062275469708189
R113,H1931,-0.017473650904628,-0.8027766109002319,0.7853029599956038
R114,H1176,-0.2283227121844115,-0.804585003412259,0.5762622912278476
R115,H1945,-0.0039326278924789,-0.0150147130348278,0.011082085142348898
R116,H1272,-0.1301480600349735,-0.1134824879563863,-0.01666557207858721
R117,H1940,-0.0125259287550409,-0.2945016534650979,0.281975724710057
R118,H513,-0.0015731846719906,-0.2944817692951557,0.2929085846231651
R119,H1220,-0.1580718079234377,-0.2168741886992652,0.0588023807758275
R120,H1913,-0.143460109963673,-0.4695466052652965,0.3260864953016235
R121,H1245,-0.3014885905199999,-0.0813799095695781,-0.2201086809504218
R122,H1489,-0.1707909358279637,-0.611937043445696,0.4411461076177323
R123,H1388,-0.2381464241706633,-0.0248323015125512,-0.21331412265811212
R124,H529,-0.036539260219277,-0.1478837886342503,0.1113445284149733
R125,H2030,-0.1069508410767345,-0.698429233744458,0.5914783926677235
R126,H1887,-0.1463995702199817,-0.2072729268273344,0.060873356607352685
R127,H1046,-0.1306690085690499,-0.5604548770942385,0.4297858685251886
R128,H567,-0.0123959682255627,-0.0772423120703595,0.0648463438447968
R129,H992,-0.2271191756920463,-0.2247634219135481,-0.0023557537784981986
R130,H1154,-0.1418326633561931,-0.7123720763598571,0.5705394130036641
R131,H745,-0.0859705999905858,-0.7462650876970917,0.6602944877065059
R132,H1726,-0.1061981926109477,-0.0124154598436291,-0.0937827327673186
R133,H2044,-0.0046618897558294,-0.7315958864379741,0.7269339966821448
R134,H2087,-0.2383936921400728,-0.6559975665267285,0.4176038743866557
R135,H365,-0.0028550658657915,-0.3004752278065247,0.2976201619407332
R136,H312,-0.0567209238012049,-0.7752496707453785,0.7185287469441737
R137,H801,-0.1741197525572039,-0.3766279225579856,0.2025081700007817
R138,H1282,-0.1979832274639813,-0.7016179408170862,0.5036347133531048
R139,H596,-0.1482410795266402,-0.6411117994745003,0.49287071994786
R140,H2101,-0.1012565037124573,-0.1834182441899928,0.08216174047753551
R141,H549,-0.16624930042906,-0.1105152724780866,-0.0557340279509734
R142,H2105,-0.0022919693981776,-0.1872855163258181,0.1849935469276405
R143,H1866,-0.0184623599562683,-0.6391435865317103,0.620681226575442
R144,H514,-0.0164898267009236,-0.077393218969569,0.0609033922686454
R145,H883,-0.0098057059493506,-0.1789229635995295,0.1691172576501789
R146,H1066,-0.2869706057372752,-0.0059074798282034,-0.2810631259090718
R147,H1283,-0.1125457723766851,-0.7090804381096875,0.5965346657330024
R148,H217,-0.1856277028065657,-0.5787911064147013,0.3931634036081356
R149,H1786,-0.1493412243950425,-0.192897220569459,0.043555996174416495
R150,H1478,-0.1647094867340192,-0.8187230767338439,0.6540135899998247
R151,H112,-0.1208998916864072,-0.7355772894457108,0.6146773977593035
R152,H583,-0.1812840280789424,-0.1842265089441404,0.002942480865197994
R153,H58,-0.0215323173557328,-0.2484172982169234,0.2268849808611906
R154,H1874,-0.1938381712616084,-0.0107045319317702,-0.1831336393298382
R155,H50,-0.0624836945481936,-0.556943745707615,0.4944600511594214
R156,H483,-0.1948551403570853,-0.572586198436627,0.37773105807954166
R157,H1976,-0.0567717688929014,-0.1338953432930379,0.07712357440013651
R158,H831,-0.0226064247049561,-0.8160272796966818,0.7934208549917257
R159,H1178,-0.0027539559829192,-0.2488721124907218,0.2461181565078026
R160,H276,-0.2365163053968469,-0.1057112383005858,-0.1308050670962611
R161,H1734,-0.1279237052683255,-0.4004601906919922,0.2725364854236667
R162,H1402,-0.1680803044481185,-0.6412975225185821,0.4732172180704636
R163,H1364,-0.1915725403574693,-0.7072519211064383,0.515679380748969
R164,H1678,-0.0008642570565346,-0.6077863329900831,0.6069220759335485
R165,H2143,-0.126788929898534,-0.7898322828354704,0.6630433529369364
R166,H1330,-0.1043286954647387,-0.0733863536205056,-0.0309423418442331
R167,H1032,-0.1543732204108713,-0.0695748704400955,-0.08479834997077579
R168,H1062,-0.1167337163725891,-0.3494359906783138,0.2327022743057247
R169,H962,-0.1838027884264448,-0.0053582632527963,-0.1784445251736485
R170,H1735,-0.1939400985878988,-0.6887084103431214,0.49476831175522257
R171,H1945,-0.237636769966064,-0.0150147130348278,-0.2226220569312362
R172,H1452,-0.1018495601838434,-0.0962392296892959,-0.005610330494547511
R173,H1609,-0.1903088559275585,-0.0058634675495486,-0.1844453883780099
R174,H1865,-0.0017079606194567,-0.5010292062226055,0.4993212456031488
R175,H683,-0.017980346227098,-0.7659279194364645,0.7479475732093666
R176,H1654,-0.1122464187198656,-0.7809598151083063,0.6687133963884406
R177,H910,-0.1164489261835613,-0.0677058930158608,-0.0487430331677005
R178,H653,-0.0020962742579669,-0.8238756493666353,0.8217793751086684
R179,H954,-0.0522357709025439,-0.2260555328989923,0.17381976199644839
R180,H1274,-0.0993850890147159,-0.8185295852988779,0.719144496284162
R181,H1877,-0.1222223713426051,-0.6685760347234126,0.5463536633808076
R182,H1336,-0.0545486316551385,-0.0482744999432663,-0.006274131711872202
R183,H211,-0.0147182530778195,-0.104532843586601,0.0898145905087815
R184,H1080,-0.097155133558098,-0.7913773784193084,0.6942222448612104
R185,H980,-0.1133395569818652,-0.0226598285839376,-0.0906797283979276
R186,H564,-0.2156250420832471,-0.6683750275238284,0.4527499854405813
R187,H751,-0.0527062533010246,-0.8143728054575297,0.761666552156505
R188,H1436,-0.0862677694513631,-0.0700953674031314,-0.0161724020482317
R189,H2154,-0.0023792080971361,-0.0674327064077307,0.0650534983105946
R190,H1764,-0.1550480387194774,-0.1181854537345333,-0.03686258498494409
R191,H822,-0.0120597531655952,-0.0816566350809995,0.06959688191540431
R192,H1323,-0.0043837658930367,-0.7304464927383918,0.7260627268453551
R193,H2090,-0.0336267889952466,-0.7521861610035229,0.7185593720082762
R194,H360,-0.1414780162553772,-0.7999941703801754,0.6585161541247981
R195,H121,-0.0771810608238714,-0.5314314727894641,0.45425041196559274
R196,H932,-0.1412809520967285,-0.3671365456092171,0.2258555935124886
R197,H1338,-0.1990736973490533,-0.6479956220264638,0.44892192467741043
R198,H1865,-0.0255405801218486,-0.5010292062226055,0.4754886261007569
R199,H34,-0.0975807184682075,-0.6394543346575065,0.541873616189299
R200,H1201,-0.1071382335256572,-0.3887524940466303,0.2816142605209731
R201,H1,-0.0016690035829313,-0.6660316073545427,0.6643626037716114
R202,H2056,-0.0956239227752498,-0.3900635130351164,0.2944395902598666
R203,H315,-0.051653160045584,-0.7975195052971776,0.7458663452515937
R204,H746,-0.1702872774891027,-0.752003547631414,0.5817162701423113
R205,H185,-0.0179302468892002,-0.5661625277809941,0.5482322808917939
R206,H737,-0.0019152287051532,-0.0167589222598714,0.014843693554718202
R207,H278,-0.1696554727593235,-0.0899629988677946,-0.07969247389152889
R208,H474,-0.0019423919615007,-0.4332884995959254,0.4313461076344247
R209,H389,-0.0373807850859943,-0.286304976894818,0.2489241918088237
R210,H177,-0.0788183628947871,-0.4483780227437769,0.3695596598489898
R211,H1842,-0.0021787839868518,-0.5432405072158644,0.5410617232290126
R212,H1764,-0.2628699194410903,-0.1181854537345333,-0.14468446570655696
R213,H145,-0.0458839593000477,-0.1569150192235343,0.1110310599234866
R214,H987,-0.1027786700586662,-0.8036600335972685,0.7008813635386022
R215,H2026,-0.0191884700903506,-0.6472362758751987,0.6280478057848481
R216,H1774,-0.1321168149726823,-0.5700522356624752,0.4379354206897929
R217,H493,-0.0198335165501102,-0.3166209160004893,0.29678739945037913
R218,H287,-0.1559485998232983,-0.7823021615931309,0.6263535617698326
R219,H1744,-0.1536005135882049,-0.1885396978647027,0.03493918427649781
R220,H1604,-0.0034042495025922,-0.7169255336163457,0.7135212841137535
R221,H391,-0.1050531116229565,-0.8062093827915171,0.7011562711685606
R222,H1576,-0.2686211617301553,-0.010575237379748,-0.2580459243504073
R223,H1310,-0.003904447288438,-0.5978798321940839,0.5939753849056459
R224,H1020,-0.2151355078747082,-0.670040095463199,0.4549045875884908
R225,H1071,-0.1106395161241622,-0.5943757184304942,0.48373620230633196
R226,H3,-0.1626569615923128,-0.7041654847621176,0.5415085231698048
R227,H116,-0.0033171786013633,-0.0514575617208214,0.048140383119458105
R228,H1270,-0.0660393705183639,-0.7843008335334687,0.7182614630151047
R229,H318,-0.0049525956404551,-0.6682698688349081,0.663317273194453
R230,H43,-0.08505607873346,-0.1979767315732027,0.1129206528397427
R231,H520,-0.0678089573641993,-0.117354848021365,0.049545890657165706
R232,H130,-0.0203969488444698,-0.2309619033865301,0.2105649545420603
R233,H1680,-0.2497951435710525,-0.0369084839947068,-0.2128866595763457
R234,H820,-0.1302438040629913,-0.5460613203430316,0.41581751628004027
R235,H306,-0.0076173072331482,-0.1517401145823276,0.1441228073491794
R236,H1782,-0.0019820073112306,-0.5447947988798817,0.5428127915686511
R237,H1875,-0.091506304019303,-0.0047898286378913,-0.0867164753814117
R238,H1301,-0.0464597901449594,-0.3744372604579703,0.32797747031301094
R239,H1854,-0.0748745762664925,-0.3491678039868162,0.27429322772032366
R240,H1438,-0.2615611575391208,-0.2532723265831074,-0.008288830956013404
R241,H1344,-0.1255894743062885,-0.8292374291198911,0.7036479548136025
R242,H416,-0.0182094943889527,-0.6037417074424208,0.5855322130534681
R243,H1747,-0.0088125011785248,-0.7885318223255304,0.7797193211470056
R244,H1127,-0.1916151918812602,-0.208487632843648,0.016872440962387797
R245,H1033,-0.0939165130962693,-0.5457448334866927,0.45182832039042337
R246,H2021,-0.2355898656352599,-0.0130360188220852,-0.22255384681317472
R247,H1638,-0.0627682826053376,-0.5998437743494437,0.5370754917441061
R248,H1475,-0.002749155007857,-0.145046382318891,0.142297227311034
R249,H362,-0.1171985465203867,-0.8067056615094063,0.6895071149890195
R250,H1096,-0.1821451862726607,-0.311959587218866,0.12981440094620533
R251,H19,-0.0393492631699039,-0.0153860151028447,-0.023963248067059198
R252,H1744,-0.0092356988802167,-0.1885396978647027,0.179303998984486
R253,H1855,-0.1409677101912925,-0.0126550993746429,-0.1283126108166496
R254,H921,-0.0837262020109939,-0.3804884410958118,0.2967622390848179
R255,H1774,-0.2107432294677282,-0.5700522356624752,0.35930900619474704
R256,H1891,-0.1603304593585124,-0.774013973632474,0.6136835142739616
R257,H992,-0.001554659638151,-0.2247634219135481,0.2232087622753971
R258,H870,-0.0579773708742366,-0.2587758387002514,0.2007984678260148
R259,H2120,-0.0462403777677938,-0.4321619889408668,0.385921611173073
R260,H720,-0.0003478782958332,-0.7907027766954854,0.7903548983996522
R261,H1622,-0.1468810208368745,-0.6033946418763905,0.456513621039516
R262,H1605,-0.1285309026437532,-0.8299819778907558,0.7014510752470026
R263,H990,-0.0034985935982991,-0.0540393357633292,0.0505407421650301
R264,H604,-0.0987725328188244,-0.649000239973801,0.5502277071549766
R265,H1651,-0.1558092481968676,-0.7273208440621434,0.5715115958652758
R266,H867,-0.0697103353351928,-0.7602808792672706,0.6905705439320778
R267,H743,-0.0403253214664862,-0.3655556678497307,0.3252303463832445
R268,H1998,-0.002387178469564,-0.0440160465711154,0.0416288681015514
R269,H1390,-0.1368717850038373,-0.3487373619916147,0.21186557698777742
R270,H1224,-0.2006130772399647,-0.3100192314093528,0.10940615416938809
R271,H297,-0.0381169674754062,-0.8038371671789867,0.7657201997035805
R272,H37,-0.0060577575347809,-0.7098972623734003,0.7038395048386195
R273,H1315,-0.0263965592815279,-0.0300152314192371,0.003618672137709198
R274,H1885,-0.2540221146024339,-0.1641339010096647,-0.08988821359276919
R275,H2108,-0.2553961879477137,-0.5149025614574703,0.2595063735097566
R276,H1043,-0.0033896219026464,-0.0572503804824428,0.0538607585797964
R277,H929,-0.0031905569862874,-0.6558926933402295,0.652702136353942
R278,H795,-0.1204238660685853,-0.7848278024618042,0.6644039363932188
R279,H848,-0.0010990031667241,-0.1957427795521286,0.1946437763854045
R280,H975,-0.0409805568510694,-0.3022287108531775,0.2612481540021081
R281,H1777,-0.0002838687105568,-0.5903485476190763,0.5900646789085195
R282,H686,-0.1594689352641496,-0.575513660897334,0.4160447256331844
R283,H2124,-0.160099825978114,-0.8083111196252099,0.6482112936470958
R284,H2094,-0.0697049700332139,-0.665988518008897,0.5962835479756832
R285,H1515,-0.3229761270402813,-0.5985439556532849,0.2755678286130036
R286,H745,-0.1602876803727127,-0.7462650876970917,0.585977407324379
R287,H1942,-0.3156559832178829,-0.6489910348361106,0.33333505161822774
R288,H759,-0.0530518129675201,-0.1385143697148989,0.08546255674737879
R289,H2047,-0.169021038096468,-0.0649352402166403,-0.10408579787982772
R290,H2119,-0.2443097988534021,-0.002505518550815,-0.2418042803025871
R291,H1550,-0.0387190103448134,-0.6007264581376263,0.5620074477928129
R292,H1331,-0.0216747233711022,-0.6344599797784337,0.6127852564073315
R293,H1433,-0.1787771091278101,-0.0675024236385132,-0.1112746854892969
R294,H1144,-0.1002064805547164,-0.5368175509628617,0.4366110704081453
R295,H73,-0.2244495836825636,-0.7880906589742722,0.5636410752917086
R296,H959,-0.1718298776308627,-0.0018705608703295,-0.1699593167605332
R297,H818,-0.0175055648313953,-0.1822198731367185,0.1647143083053232
R298,H807,-0.0020962742579669,-0.5119181857958053,0.5098219115378384
R299,H682,-0.049282053343525,-0.4882028446799205,0.4389207913363955
R300,H2136,-0.0301877579666421,-0.741067682332952,0.7108799243663099
R301,H1587,-0.003819136178769,-0.7110137225656786,0.7071945863869097
R302,H1556,-0.1396818975163442,-0.0079041331166883,-0.13177776439965588
R303,H1984,-0.0082584236236809,-0.8246799026320556,0.8164214790083747
R304,H1124,-0.0301004144062107,-0.0091917063825469,-0.020908708023663798
R305,H1699,-0.315274888797265,-0.5164338427834473,0.20115895398618228
R306,H2106,-0.0010145107465043,-0.6018071288917765,0.6007926181452722
R307,H1259,-0.0329921426317377,-0.2804208766873,0.2474287340555623
R308,H1344,-0.0017989346931382,-0.8292374291198911,0.8274384944267529
R309,H897,-0.1834025005740059,-0.7139392782866987,0.5305367777126928
R310,H2091,-0.0321907321195347,-0.4073804165718205,0.3751896844522858
R311,H509,-0.2624784901628514,-0.2103188069737996,-0.052159683189051814
R312,H1129,-0.0403610133913951,-0.8292919865503532,0.7889309731589581
R313,H701,-0.1396163612488964,-0.1836906256001325,0.0440742643512361
R314,H1844,-0.1810630269406041,-0.5992832535863879,0.4182202266457838
R315,H1865,-0.1535303296146093,-0.5010292062226055,0.34749887660799617
R316,H1061,-0.2023304255910775,-0.3682896741628054,0.1659592485717279
R317,H1110,-0.1808398872181134,-0.3340314084523515,0.15319152123423813
R318,H1062,-0.1774141838606071,-0.3494359906783138,0.17202180681770673
R319,H319,-0.0083855906976205,-0.8055564106675053,0.7971708199698848
R320,H1729,-0.2407036739924139,-0.6699688134596299,0.429265139467216
R321,H659,-0.1813431459391848,-0.7440989180473548,0.5627557721081701
R322,H607,-0.1085336103544149,-0.8152368525147624,0.7067032421603475
R323,H415,-0.0740174785952792,-0.5903581321556647,0.5163406535603855
R324,H1119,-0.238515656629181,-0.5099150404645904,0.27139938383540935
R325,H360,-0.1208261758067948,-0.7999941703801754,0.6791679945733806
R326,H518,-0.349281197718612,-0.2925918450872317,-0.05668935263138031
R327,H655,-0.2386342233299176,-0.6499294078364668,0.4112951845065492
R328,H172,-0.170603504323018,-0.0797086846595019,-0.09089481966351609
R329,H1158,-0.0064590354033266,-0.1800951568966989,0.1736361214933723
R330,H492,-0.0234988743783584,-0.6675141368449737,0.6440152624666153
