qid,P@10,nDCG@10,pool_size
R0,0.1,0.11004588314904008,300
R1,0.2,0.18340980524840012,300
R2,0.1,0.09478836436955078,300
R3,0.1,0.09478836436955078,300
R4,0.1,0.09478836436955078,300
R5,0.1,0.09478836436955078,300
R6,0.2,0.16421958630632802,300
R7,0.1,0.09478836436955078,300
R8,0.1,0.09478836436955078,300
R9,0.1,0.09478836436955078,300
R10,0.1,0.09478836436955078,300
R11,0.1,0.11004588314904008,300
R12,0.1,0.09478836436955078,300
R13,0.2,0.16421958630632802,300
R14,0.2,0.18340980524840012,300
R15,0.1,0.11004588314904008,300
R16,0.1,0.09478836436955078,300
R17,0.2,0.18340980524840012,300
R18,0.1,0.09478836436955078,300
R19,0.2,0.16421958630632802,300
R20,0.1,0.09478836436955078,300
R21,0.2,0.1681522864689108,300
R22,0.1,0.11004588314904008,300
R23,0.2,0.16421958630632802,300
R24,0.1,0.09478836436955078,300
R25,0.2,0.18340980524840012,300
R26,0.2,0.16421958630632802,300
R27,0.2,0.16421958630632802,300
R28,0.2,0.1681522864689108,300
R29,0.2,0.18340980524840012,300
R30,0.1,0.09478836436955078,300
R31,0.2,0.21726071285222986,300
R32,0.1,0.11004588314904008,300
R33,0.2,0.16421958630632802,300
R34,0.2,0.16421958630632802,300
R35,0.2,0.16421958630632802,300
R36,0.1,0.09478836436955078,300
R37,0.2,0.18340980524840012,300
R38,0.1,0.09478836436955078,300
R39,0.2,0.1610425878239398,300
R40,0.2,0.16421958630632802,300
R41,0.2,0.16421958630632802,300
R42,0.2,0.16421958630632802,300
R43,0.2,0.16421958630632802,300
R44,0.2,0.16421958630632802,300
R45,0.2,0.16421958630632802,300
R46,0.2,0.16421958630632802,300
R47,0.1,0.09478836436955078,300
R48,0.2,0.16421958630632802,300
R49,0.1,0.09478836436955078,300
R50,0.1,0.09478836436955078,300
R51,0.2,0.16421958630632802,300
R52,0.2,0.16421958630632802,300
R53,0.2,0.16421958630632802,300
R54,0.2,0.16421958630632802,300
R55,0.1,0.09478836436955078,300
R56,0.1,0.09478836436955078,300
R57,0.1,0.09478836436955078,300
R58,0.2,0.1681522864689108,300
R59,0.1,0.09478836436955078,300
R60,0.1,0.09478836436955078,300
R61,0.2,0.16421958630632802,300
R62,0.1,0.09478836436955078,300
R63,0.2,0.18340980524840012,300
R64,0.3,0.2781981696179509,300
R65,0.2,0.1681522864689108,300
R66,0.1,0.09478836436955078,300
R67,0.1,0.09478836436955078,300
R68,0.1,0.11004588314904008,300
R69,0.2,0.1681522864689108,300
R70,0.2,0.16421958630632802,300
R71,0.1,0.09478836436955078,300
R72,0.2,0.16421958630632802,300
R73,0.2,0.16421958630632802,300
R74,0.1,0.09478836436955078,300
R75,0.1,0.11004588314904008,300
R76,0.2,0.18340980524840012,300
R77,0.2,0.18340980524840012,300
R78,0.2,0.1681522864689108,300
R79,0.2,0.16421958630632802,300
R80,0.2,0.16421958630632802,300
R81,0.2,0.16421958630632802,300
R82,0.1,0.11004588314904008,300
R83,0.1,0.13886244387355454,300
R84,0.1,0.11004588314904008,300
R85,0.2,0.1681522864689108,300
R86,0.1,0.09478836436955078,300
R87,0.3,0.23047380976071707,300
R88,0.1,0.09478836436955078,300
R89,0.2,0.16421958630632802,300
R90,0.1,0.11004588314904008,300
R91,0.2,0.16421958630632802,300
R92,0.2,0.1884441521277154,300
R93,0.1,0.09478836436955078,300
R94,0.1,0.09478836436955078,300
R95,0.2,0.1681522864689108,300
R96,0.2,0.16421958630632802,300
R97,0.1,0.11004588314904008,300
R98,0.1,0.11004588314904008,300
R99,0.2,0.1681522864689108,300
R100,0.2,0.16421958630632802,300
R101,0.1,0.09478836436955078,300
R102,0.2,0.18340980524840012,300
R103,0.2,0.1681522864689108,300
R104,0.2,0.16421958630632802,300
R105,0.1,0.09478836436955078,300
R106,0.2,0.18340980524840012,300
R107,0.2,0.16421958630632802,300
R108,0.1,0.09478836436955078,300
R109,0.1,0.09478836436955078,300
R110,0.2,0.16421958630632802,300
R111,0.2,0.16421958630632802,300
R112,0.2,0.16421958630632802,300
R113,0.2,0.16421958630632802,300
R114,0.2,0.16421958630632802,300
R115,0.2,0.16421958630632802,300
R116,0.2,0.16421958630632802,300
R117,0.2,0.16421958630632802,300
R118,0.2,0.16421958630632802,300
R119,0.2,0.16421958630632802,300
R120,0.1,0.09478836436955078,300
R121,0.1,0.11004588314904008,300
R122,0.2,0.1681522864689108,300
R123,0.2,0.16421958630632802,300
R124,0.2,0.18340980524840012,300
R125,0.2,0.16421958630632802,300
R126,0.1,0.09478836436955078,300
R127,0.2,0.16421958630632802,300
R128,0.3,0.2685529228900211,300
R129,0.1,0.09478836436955078,300
R130,0.2,0.16421958630632802,300
R131,0.2,0.18340980524840012,300
R132,0.1,0.11004588314904008,300
R133,0.2,0.16421958630632802,300
R134,0.1,0.09478836436955078,300
R135,0.1,0.09478836436955078,300
R136,0.2,0.18340980524840012,300
R137,0.1,0.09478836436955078,300
R138,0.2,0.16421958630632802,300
R139,0.1,0.11004588314904008,300
R140,0.2,0.16421958630632802,300
R141,0.2,0.1884441521277154,300
R142,0.2,0.1884441521277154,300
R143,0.1,0.11004588314904008,300
R144,0.1,0.11004588314904008,300
R145,0.1,0.09478836436955078,300
R146,0.1,0.09478836436955078,300
R147,0.2,0.16421958630632802,300
R148,0.2,0.1681522864689108,300
R149,0.1,0.09478836436955078,300
R150,0.1,0.09478836436955078,300
R151,0.2,0.16421958630632802,300
R152,0.2,0.16421958630632802,300
R153,0.2,0.16421958630632802,300
R154,0.2,0.16421958630632802,300
R155,0.1,0.09478836436955078,300
R156,0.2,0.16421958630632802,300
R157,0.2,0.16421958630632802,300
R158,0.2,0.16421958630632802,300
R159,0.2,0.16421958630632802,300
R160,0.2,0.16421958630632802,300
R161,0.2,0.1681522864689108,300
R162,0.2,0.16421958630632802,300
R163,0.2,0.16421958630632802,300
R164,0.3,0.40350157154648025,300
R165,0.1,0.09478836436955078,300
R166,0.2,0.18340980524840012,300
R167,0.2,0.1681522864689108,300
R168,0.2,0.16421958630632802,300
R169,0.2,0.16421958630632802,300
R170,0.1,0.11004588314904008,300
R171,0.1,0.09478836436955078,300
R172,0.1,0.09478836436955078,300
R173,0.2,0.1681522864689108,300
R174,0.2,0.18340980524840012,300
R175,0.1,0.11004588314904008,300
R176,0.2,0.16421958630632802,300
R177,0.1,0.09478836436955078,300
R178,0.2,0.16421958630632802,300
R179,0.1,0.09478836436955078,300
R180,0.2,0.18340980524840012,300
R181,0.2,0.16421958630632802,300
R182,0.2,0.1681522864689108,300
R183,0.2,0.16421958630632802,300
R184,0.1,0.09478836436955078,300
R185,0.1,0.09478836436955078,300
R186,0.1,0.09478836436955078,300
R187,0.1,0.11004588314904008,300
R188,0.1,0.09478836436955078,300
R189,0.2,0.18340980524840012,300
R190,0.1,0.09478836436955078,300
R191,0.1,0.11004588314904008,300
R192,0.1,0.13886244387355454,300
R193,0.2,0.16421958630632802,300
R194,0.2,0.16421958630632802,300
R195,0.1,0.09478836436955078,300
R196,0.1,0.11004588314904008,300
R197,0.1,0.09478836436955078,300
R198,0.1,0.09478836436955078,300
R199,0.2,0.18340980524840012,300
R200,0.2,0.16421958630632802,300
R201,0.2,0.1681522864689108,300
R202,0.1,0.09478836436955078,300
R203,0.1,0.09478836436955078,300
R204,0.1,0.09478836436955078,300
R205,0.1,0.13886244387355454,300
R206,0.1,0.09478836436955078,300
R207,0.2,0.1681522864689108,300
R208,0.1,0.11004588314904008,300
R209,0.1,0.11004588314904008,300
R210,0.1,0.11004588314904008,300
R211,0.1,0.09478836436955078,300
R212,0.2,0.16421958630632802,300
R213,0.1,0.11004588314904008,300
R214,0.1,0.11004588314904008,300
R215,0.1,0.11004588314904008,300
R216,0.1,0.09478836436955078,300
R217,0.2,0.18340980524840012,300
R218,0.2,0.18340980524840012,300
R219,0.2,0.16421958630632802,300
R220,0.1,0.11004588314904008,300
R221,0.2,0.18340980524840012,300
R222,0.1,0.09478836436955078,300
R223,0.3,0.2532954041105318,300
R224,0.2,0.16421958630632802,300
R225,0.2,0.16421958630632802,300
R226,0.2,0.16421958630632802,300
R227,0.2,0.16421958630632802,300
R228,0.1,0.11004588314904008,300
R229,0.2,0.16421958630632802,300
R230,0.2,0.16421958630632802,300
R231,0.1,0.09478836436955078,300
R232,0.2,0.18340980524840012,300
R233,0.2,0.16421958630632802,300
R234,0.2,0.16421958630632802,300
R235,0.2,0.16421958630632802,300
R236,0.2,0.16421958630632802,300
R237,0.1,0.11004588314904008,300
R238,0.2,0.16421958630632802,300
R239,0.2,0.16421958630632802,300
R240,0.2,0.16421958630632802,300
R241,0.2,0.16421958630632802,300
R242,0.2,0.18340980524840012,300
R243,0.1,0.09478836436955078,300
R244,0.2,0.18340980524840012,300
R245,0.2,0.16421958630632802,300
R246,0.2,0.16421958630632802,300
R247,0.1,0.11004588314904008,300
R248,0.2,0.18340980524840012,300
R249,0.2,0.16421958630632802,300
R250,0.2,0.1884441521277154,300
R251,0.2,0.16421958630632802,300
R252,0.2,0.16421958630632802,300
R253,0.2,0.16421958630632802,300
R254,0.1,0.09478836436955078,300
R255,0.2,0.16421958630632802,300
R256,0.2,0.16421958630632802,300
R257,0.2,0.1681522864689108,300
R258,0.2,0.16421958630632802,300
R259,0.1,0.09478836436955078,300
R260,0.3,0.388244052766991,300
R261,0.2,0.16421958630632802,300
R262,0.1,0.09478836436955078,300
R263,0.2,0.18340980524840012,300
R264,0.2,0.16421958630632802,300
R265,0.2,0.16421958630632802,300
R266,0.1,0.09478836436955078,300
R267,0.1,0.09478836436955078,300
R268,0.2,0.19518900079066107,300
R269,0.2,0.18340980524840012,300
R270,0.1,0.09478836436955078,300
R271,0.1,0.09478836436955078,300
R272,0.1,0.11004588314904008,300
R273,0.2,0.18340980524840012,300
R274,0.2,0.16421958630632802,300
R275,0.2,0.16421958630632802,300
R276,0.1,0.09478836436955078,300
R277,0.2,0.18340980524840012,300
R278,0.1,0.09478836436955078,300
R279,0.2,0.1610425878239398,300
R280,0.2,0.18340980524840012,300
R281,0.2,0.16421958630632802,300
R282,0.1,0.09478836436955078,300
R283,0.2,0.16421958630632802,300
R284,0.2,0.16421958630632802,300
R285,0.2,0.16421958630632802,300
R286,0.1,0.11004588314904008,300
R287,0.1,0.09478836436955078,300
R288,0.2,0.16421958630632802,300
R289,0.2,0.16421958630632802,300
R290,0.2,0.16421958630632802,300
R291,0.1,0.09478836436955078,300
R292,0.2,0.16421958630632802,300
R293,0.1,0.09478836436955078,300
R294,0.1,0.11004588314904008,300
R295,0.2,0.16421958630632802,300
R296,0.1,0.11004588314904008,300
R297,0.1,0.09478836436955078,300
R298,0.2,0.16421958630632802,300
R299,0.1,0.09478836436955078,300
R300,0.1,0.11004588314904008,300
R301,0.1,0.11004588314904008,300
R302,0.2,0.16421958630632802,300
R303,0.1,0.09478836436955078,300
R304,0.2,0.1681522864689108,300
R305,0.2,0.16421958630632802,300
R306,0.1,0.09478836436955078,300
R307,0.2,0.18340980524840012,300
R308,0.2,0.18340980524840012,300
R309,0.1,0.09478836436955078,300
R310,0.1,0.09478836436955078,300
R311,0.2,0.1681522864689108,300
R312,0.2,0.16421958630632802,300
R313,0.1,0.09478836436955078,300
R314,0.2,0.18340980524840012,300
R315,0.1,0.11004588314904008,300
R316,0.1,0.09478836436955078,300
R317,0.2,0.18340980524840012,300
R318,0.2,0.1681522864689108,300
R319,0.1,0.09478836436955078,300
R320,0.1,0.09478836436955078,300
R321,0.2,0.1681522864689108,300
R322,0.1,0.09478836436955078,300
R323,0.1,0.09478836436955078,300
R324,0.1,0.09478836436955078,300
R325,0.1,0.09478836436955078,300
R326,0.1,0.09478836436955078,300
R327,0.1,0.09478836436955078,300
R328,0.1,0.09478836436955078,300
R329,0.3,0.23758350840568812,300
R330,0.2,0.18340980524840012,300
