id,S
H0,0.48970582666873835
H1,0.6660316073545427
H2,0.38949635991650094
H3,0.7041654847621176
H4,0.4991779796816323
H5,0.07962415156019627
H6,0.45476392648311764
H7,0.7483985560229511
H8,0.7946710380430884
H9,0.6355430559409971
H10,0.5312009740926065
H11,0.3953161033627381
H12,0.035531862358527525
H13,0.07171055300234756
H14,0.559393520269293
H15,0.811199717277619
H16,0.014709442294926276
H17,0.8108713234855656
H18,0.778383023705784
H19,0.015386015102844782
H20,0.5588291615849681
H21,0.6920392260595517
H22,0.8005214625267669
H23,0.45712741217899494
H24,0.3703593526129329
H25,0.8081192460876504
H26,0.6698860769674719
H27,0.6560297317306362
H28,0.6701393271898324
H29,0.7543405341391889
H30,0.5666097983528091
H31,0.797320482240291
H32,0.07885958914409834
H33,0.8057188442234442
H34,0.6394543346575065
H35,0.3039762945488015
H36,0.5491279249392783
H37,0.7098972623734003
H38,0.7759023576034423
H39,0.7750721120034375
H40,0.06877660540344022
H41,0.5537434099087999
H42,0.7231737607630071
H43,0.19797673157320272
H44,0.8009213310293621
H45,0.6406291438519223
H46,0.06979801004623859
H47,0.8156467194064756
H48,0.4234912315350714
H49,0.5373713086887996
H50,0.556943745707615
H51,0.4108986989536786
H52,0.38400516379413824
H53,0.7775031737624533
H54,0.13672175773731285
H55,0.8214493606390371
H56,0.6277512000497272
H57,0.2721582181427433
H58,0.24841729821692343
H59,0.022614619258767156
H60,0.2621457911454496
H61,0.690249335033369
H62,0.6141540933673002
H63,0.48352258743072823
H64,0.6958666457525455
H65,0.0010798697197597672
H66,0.670684236851675
H67,0.012942727097672066
H68,0.5997024234706639
H69,0.7821489050942498
H70,0.17162805333323125
H71,0.44077084928594307
H72,0.34855092213797234
H73,0.7880906589742722
H74,0.5791186994853674
H75,0.2242309154180594
H76,0.7913084353973854
H77,0.5622827539958366
H78,0.5257749281008999
H79,0.49402671390165004
H80,0.04385492865442468
H81,0.7683753133584675
H82,0.11967607882897514
H83,0.5733791760037465
H84,0.7693802112678029
H85,0.6986979205451505
H86,0.6993517713041438
H87,0.8001746029697197
H88,0.7607729488667514
H89,0.265179874935804
H90,0.15336139552053255
H91,0.07297452801969201
H92,0.06135266701854563
H93,0.5696891135333649
H94,0.6869298880076714
H95,0.5240628525076393
H96,0.7893185019670399
H97,0.38753271849820564
H98,0.4125803685265635
H99,0.7675928221766752
H100,0.8186001276599716
H101,0.7088241302098252
H102,0.44464505722432973
H103,0.1954123599763027
H104,0.2535639668421203
H105,0.11617734622344703
H106,0.813452621102143
H107,0.6050303308037333
H108,0.7957642872604227
H109,0.42548694883949695
H110,0.45101162768169956
H111,0.7884501449805188
H112,0.7355772894457108
H113,0.5742129066479498
H114,0.3458111684751602
H115,0.733739169203771
H116,0.051457561720821485
H117,0.1576696848560925
H118,0.4911351839513825
H119,0.3838601019994923
H120,0.004066292770458789
H121,0.5314314727894641
H122,0.42462940635430346
H123,0.6452824742345526
H124,0.04725609941819491
H125,0.26852515540052085
H126,0.573367780947108
H127,0.7502048834686744
H128,0.357894217478163
H129,0.7993149959132821
H130,0.23096190338653014
H131,0.1228389861162494
H132,0.7856586252794681
H133,0.22604995022946717
H134,0.22327271993037606
H135,0.8136048903399173
H136,0.28879139629909956
H137,0.7031711845557584
H138,0.23636244990288519
H139,0.44733046339782645
H140,0.7234398004672509
H141,0.7101922047272234
H142,0.5778078681457214
H143,0.6154842867302044
H144,0.4471763876027812
H145,0.15691501922353437
H146,0.03195378674259117
H147,0.6055146625102248
H148,0.5485677688233295
H149,0.6720858545415415
H150,0.52271341730651
H151,0.7925437038771033
H152,0.5486012020713875
H153,0.6755901106250124
H154,0.7039776362015094
H155,0.17158902654237398
H156,0.0093143784210431
H157,0.7971641969442185
H158,0.17417774059293828
H159,0.5350149454835854
H160,0.21777354170876959
H161,0.6630788305266513
H162,0.11287860262341351
H163,0.02714963576149381
H164,0.17564617183616696
H165,0.7856285279295553
H166,0.7398028603035509
H167,0.8073000925196202
H168,0.7592096795553795
H169,0.8269995246405013
H170,0.7898379317317955
H171,0.7415976089235948
H172,0.0797086846595019
H173,0.3331762837217663
H174,0.7901146551466903
H175,0.7846119219658686
H176,0.0027003750871782807
H177,0.4483780227437769
H178,0.7903259881049086
H179,0.3291470451710285
H180,0.3920338500090711
H181,0.6481880812566625
H182,0.26924015844725224
H183,0.21385914632818015
H184,0.38509257552529697
H185,0.5661625277809941
H186,0.012213077987885635
H187,0.04721698207434183
H188,0.8161039846814645
H189,0.7769136645358972
H190,0.4253952132610618
H191,0.508384514372552
H192,0.6980205105897289
H193,0.49958614446961824
H194,0.04851119907627113
H195,0.3971322046319516
H196,0.8143610146747494
H197,0.7983772652577327
H198,0.018660580067120996
H199,0.8268346433376661
H200,0.6184406116306019
H201,0.017097010000294226
H202,0.7956271643544274
H203,0.21701843586540234
H204,0.8114196705786464
H205,0.7634593887674119
H206,0.5389727206474679
H207,0.7504370124674542
H208,0.012733890637844572
H209,0.5655389243493654
H210,0.5314937638847405
H211,0.10453284358660106
H212,0.0751653540730909
H213,0.5029336813255779
H214,0.7685888671359001
H215,0.6770283582405757
H216,0.6174501950389663
H217,0.5787911064147013
H218,0.0954231570072763
H219,0.14187316419605123
H220,0.781532465563201
H221,0.04235469915063924
H222,0.01051641726578541
H223,0.047521858584516546
H224,0.284906821717295
H225,0.015425760124760497
H226,0.7471742282081227
H227,0.15692525015150796
H228,0.3719714855299722
H229,0.7224070457917043
H230,0.4156053233321578
H231,0.24082419361632654
H232,0.03415310082378192
H233,0.01933727699577683
H234,0.14667527836537544
H235,0.3649868028424286
H236,0.30135070738320896
H237,0.7678350171732746
H238,0.829997605956524
H239,0.8266090600543677
H240,0.2552246625794232
H241,0.6587412070311123
H242,0.6544493881349155
H243,0.6319420701549112
H244,0.6842485204693791
H245,0.7138840235959641
H246,0.18688608295951883
H247,0.4918191627122975
H248,0.3695311804076099
H249,0.8330974867993524
H250,0.6418776380466957
H251,0.36061272544962886
H252,0.1429133850296469
H253,0.748614354837704
H254,0.6068415439668121
H255,0.3957008184077112
H256,0.5296346153314478
H257,0.7587110239631749
H258,0.5008948162737962
H259,0.3416165471102886
H260,0.6088819938920977
H261,0.8235536742763139
H262,0.05780030189111723
H263,0.6402067250107978
H264,0.8079956875282898
H265,0.665741181143232
H266,0.6409040820628967
H267,0.21873094619649433
H268,0.783592048222146
H269,0.7346049832619682
H270,0.4211746204056983
H271,0.2419484376012602
H272,0.8306964563669963
H273,0.05630263035492829
H274,0.7964537867677993
H275,0.25040511865833925
H276,0.10571123830058586
H277,0.014082076419603249
H278,0.08996299886779462
H279,0.10785685643677094
H280,0.7760199167182276
H281,0.3589816335392362
H282,0.7861012414237272
H283,0.5977636098293124
H284,0.6891944674459208
H285,0.47771791706630456
H286,0.8190839279549262
H287,0.7823021615931309
H288,0.7953285157292577
H289,0.4307386498695588
H290,0.47228596247460786
H291,0.621186627987097
H292,0.6816145986347673
H293,0.8008159479133075
H294,0.17940292047695316
H295,0.28781110714103625
H296,0.16878083989879988
H297,0.8038371671789867
H298,0.29097192552316936
H299,0.7386397340296786
H300,0.7884064866477248
H301,0.09343215758861476
H302,0.6735764893744961
H303,0.23807118604350988
H304,0.7617517911960359
H305,0.09800914105098206
H306,0.15174011458232764
H307,0.5244077377329608
H308,0.7814610742898299
H309,0.7209092598325988
H310,0.8005254484970893
H311,0.7621924386344666
H312,0.7752496707453785
H313,0.5707616677897049
H314,0.27123748444711954
H315,0.7975195052971776
H316,0.79345122248894
H317,0.6699909397238728
H318,0.6682698688349081
H319,0.8055564106675053
H320,0.43773160782266946
H321,0.7034218987715388
H322,0.1739145472400432
H323,0.31507466155975583
H324,0.0041337290125934775
H325,0.38631546102768843
H326,0.20148070592010534
H327,0.26836664255384957
H328,0.34575633556884355
H329,0.6025338105922109
H330,0.549049241298489
H331,0.7760240794527534
H332,0.3841695747747014
H333,0.10532594855740576
H334,0.6121236096509077
H335,0.7578668070958569
H336,0.7257837772801531
H337,0.7453253034225944
H338,0.7919370062866049
H339,0.04641822023598573
H340,0.3129924756280863
H341,0.2715714695447031
H342,0.5232574587222558
H343,0.48453757518827084
H344,0.7150686323273057
H345,0.5554140152834878
H346,0.015175440684436985
H347,0.7591684780708217
H348,0.012950634911281109
H349,0.11847075421202519
H350,0.1712189482439347
H351,0.5658731052008388
H352,0.3094568289999174
H353,0.45446247483777186
H354,0.4061202149874578
H355,0.28285309069530584
H356,0.2883755527084002
H357,0.22480090003223002
H358,0.39007671735670935
H359,0.34292513177126316
H360,0.7999941703801754
H361,0.08634265206421386
H362,0.8067056615094063
H363,0.8034394512819699
H364,0.07285243034626834
H365,0.3004752278065247
H366,0.30695952544037525
H367,0.2096211895322353
H368,0.3415112396926689
H369,0.37112050499657573
H370,0.8205584487816092
H371,0.5789412262288876
H372,0.023886298324828723
H373,0.3832903888150034
H374,0.6975398633098683
H375,0.8175600889784349
H376,0.7534189130744249
H377,0.017258280020933593
H378,0.19652588287700237
H379,0.6356301166669466
H380,0.8169830402024345
H381,0.7892970038668378
H382,0.6156041485248547
H383,0.7209603571308444
H384,0.06923335565180355
H385,0.7297302666312306
H386,0.012664927250741972
H387,0.8449074400575814
H388,0.4992307192309832
H389,0.286304976894818
H390,0.7564761196115632
H391,0.8062093827915171
H392,0.5781030854849584
H393,0.3289307443057395
H394,0.7344861342775567
H395,0.009108207396313567
H396,0.7250528949028565
H397,0.7885822362201208
H398,0.36882369345940713
H399,0.7032439806957476
H400,0.5481488747662417
H401,0.056684162278639705
H402,0.5945397113817131
H403,0.6772061781217864
H404,0.5867658068412016
H405,0.20911559097992133
H406,0.5742721474882212
H407,0.12763851996022213
H408,0.4905776783134577
H409,0.3948095599541958
H410,0.31351773950092193
H411,0.7481614033665285
H412,0.007318907736716521
H413,0.5989250008444902
H414,0.6033180667243672
H415,0.5903581321556647
H416,0.6037417074424208
H417,0.6590869266557223
H418,0.4419173481425057
H419,0.7101619182845392
H420,0.5679587210076924
H421,0.018896907971717537
H422,0.3932074032715979
H423,0.1043760941787491
H424,0.13279206512150996
H425,0.7984949697343073
H426,0.5852100902315913
H427,0.036790460775432146
H428,0.7880354811066265
H429,0.5564881458034165
H430,0.02619289906874718
H431,0.2404564367802404
H432,0.6655452250643519
H433,0.017137622922283335
H434,0.8290188666616845
H435,0.8326676596499447
H436,0.7648223214108308
H437,0.24136315930115
H438,0.5048868591437937
H439,0.5877790605850809
H440,0.2690754965781704
H441,0.03159785822934627
H442,0.12334106728350504
H443,0.1827925373693574
H444,0.6629969428987632
H445,0.3853971700747482
H446,0.4151586133281232
H447,0.037638721603246696
H448,0.12234533321237985
H449,0.7356147146077345
H450,0.4344986194106326
H451,0.7958446687600481
H452,0.3411909690667415
H453,0.017587466504681494
H454,0.649204147339806
H455,0.8256250811800163
H456,0.012444325526820092
H457,0.41688679789591726
H458,0.6448911873278492
H459,0.8029537889915072
H460,0.14908615916992804
H461,0.7078977076858707
H462,0.6762270422264931
H463,0.811530479679603
H464,0.24066488382526707
H465,0.09355177282792985
H466,0.2809058615172641
H467,0.3086019665980315
H468,0.2838740623437698
H469,0.6825866719675034
H470,0.1324283306723534
H471,0.2903040717976352
H472,0.3038817814727608
H473,0.5396402420408765
H474,0.4332884995959254
H475,0.36159932303197384
H476,0.8447796733597122
H477,0.3349354711066114
H478,0.7061078034276342
H479,0.7982962918049036
H480,0.20206763698072241
H481,0.5798149300878842
H482,0.008097771673167253
H483,0.572586198436627
H484,0.5807889948820947
H485,0.2265008748103191
H486,0.016828902034282976
H487,0.5515677156044795
H488,0.19619384662203534
H489,0.8015912695494666
H490,0.8276940136266214
H491,0.6201151003056722
H492,0.6675141368449737
H493,0.3166209160004893
H494,0.5143234361073156
H495,0.001992078809274061
H496,0.77105476900061
H497,0.43342513274653427
H498,0.19438810915619054
H499,0.0013935798713706168
H500,0.4258298203410121
H501,0.2484599314933993
H502,0.7948103360030194
H503,0.5469126767148496
H504,0.36853195348381645
H505,0.17743871560725422
H506,0.7556488029593422
H507,0.06490061603963265
H508,0.7993606112024776
H509,0.21031880697379962
H510,0.554124306003275
H511,0.7743304931059589
H512,0.16063670538995675
H513,0.2944817692951557
H514,0.07739321896956909
H515,0.11415054303262419
H516,0.6384390687267825
H517,0.7132735940100331
H518,0.29259184508723174
H519,0.044217816735856695
H520,0.11735484802136506
H521,0.43087189730539477
H522,0.7963031378646065
H523,0.35258457937474164
H524,0.7793821080702791
H525,0.005582903848697646
H526,0.007741874199396851
H527,0.5226341140906097
H528,0.7565495131685578
H529,0.14788378863425036
H530,0.8227742734640536
H531,0.5451598694192085
H532,0.15369369393127152
H533,0.775126884165769
H534,0.5504520783070601
H535,0.16608697169754025
H536,0.06982555225691518
H537,0.6220370939798058
H538,0.013796447794407906
H539,0.010825657946086484
H540,0.6974004554400902
H541,0.27820954492499994
H542,0.3816042180148877
H543,0.5125320014746804
H544,0.63955431533495
H545,0.8080609900543948
H546,0.6525471146618581
H547,0.004338389560096853
H548,0.8226901505305346
H549,0.11051527247808667
H550,0.819993850855444
H551,0.6886121450821128
H552,0.8064896658990368
H553,0.5233017271156069
H554,0.03747635108124363
H555,0.7248868760878387
H556,0.7374606275789942
H557,0.45926155131693647
H558,0.007376631464243334
H559,0.2585614940924426
H560,0.6952915398475903
H561,0.7958459164951731
H562,0.2823766005869388
H563,0.14120185376890912
H564,0.6683750275238284
H565,0.00039431508143349445
H566,0.4057796901761943
H567,0.07724231207035953
H568,0.0981676585231048
H569,0.3032206686163379
H570,0.16203424708090924
H571,0.6122546942954008
H572,0.08507734033047708
H573,0.6402288493041365
H574,0.7464718912796882
H575,0.6001554577933356
H576,0.04240223664173575
H577,0.7542097616445416
H578,0.19400528391861188
H579,0.44228963772385793
H580,0.21269405960174959
H581,0.2639215533083949
H582,0.023813341736822296
H583,0.1842265089441404
H584,0.6862874325012334
H585,0.13054030364333827
H586,0.31990955336563526
H587,0.01559041100101233
H588,0.5112733309810026
H589,0.05249883050257707
H590,0.2461993755934978
H591,0.8167973726065715
H592,0.16058714826041132
H593,0.03186415630492178
H594,0.030691708957140875
H595,0.557110956452332
H596,0.6411117994745003
H597,0.407243430621182
H598,0.1470808804520401
H599,0.13310054137336083
H600,0.7371468854946592
H601,0.0007925755607810238
H602,0.7768020038474981
H603,0.712956746110894
H604,0.649000239973801
H605,0.002753047497326824
H606,0.01476425787592764
H607,0.8152368525147624
H608,0.21591732300514782
H609,0.8308611987221838
H610,0.6616453498024439
H611,0.4918314886729915
H612,0.24238587150007196
H613,0.7427510766951961
H614,0.8072942200971807
H615,0.5522927181580849
H616,0.3908758003556964
H617,0.040688949607683565
H618,0.007305031295829615
H619,0.8055227391338498
H620,0.11555754852254747
H621,0.8038822020545007
H622,0.8101252434869636
H623,0.39809687693216894
H624,0.6564565470622284
H625,0.3807273549587684
H626,0.3542317290016394
H627,0.8401011746777801
H628,0.7709083959561354
H629,0.678340836758734
H630,0.10943000341442001
H631,0.5703158681372347
H632,0.8193460645445985
H633,0.16882434213958242
H634,0.35752802764840763
H635,0.24811890320207183
H636,0.3849290644798704
H637,0.401956006328921
H638,0.09788991327801941
H639,0.05625500896055894
H640,0.4248053164035443
H641,0.755028882332115
H642,0.7652778316186141
H643,0.14620482100704185
H644,0.4291836612531185
H645,0.4784502180528318
H646,0.03836428295556285
H647,0.11721517212493769
H648,0.8004379564266559
H649,0.16964365098415365
H650,0.44337944192645873
H651,0.7031106419646648
H652,0.790383456023104
H653,0.8238756493666353
H654,0.26264904271549416
H655,0.6499294078364668
H656,0.017434642707966484
H657,0.4203855048685174
H658,0.7235819126983448
H659,0.7440989180473548
H660,0.49652478659633614
H661,0.3906448048960372
H662,0.0014185550732448411
H663,0.6932918742361952
H664,0.7170987656046995
H665,0.467782526046098
H666,0.351112186625562
H667,0.7401822609946438
H668,0.5164432329602333
H669,0.7518668581184053
H670,0.5368876872959413
H671,0.4971056430649755
H672,0.3529407278292606
H673,0.03085504957688268
H674,0.22361318435796568
H675,0.022746792403215716
H676,0.26350314583794526
H677,0.7937023060235173
H678,0.8156727699218136
H679,0.3362678030835038
H680,0.08133619520968496
H681,0.5217569284211893
H682,0.48820284467992053
H683,0.7659279194364645
H684,0.5640864556808703
H685,0.3952911160493496
H686,0.575513660897334
H687,0.08697099496101998
H688,0.4348776929141296
H689,0.7605499226925302
H690,0.7989144739816971
H691,0.011057401852034595
H692,0.8200666043070775
H693,0.727242322133489
H694,0.7622565401026228
H695,0.6789666266351305
H696,0.22848467771258246
H697,0.5401492596914471
H698,0.7389453832617476
H699,0.6468545500313984
H700,0.08572173218253475
H701,0.18369062560013255
H702,0.1038911857774062
H703,0.396975407139194
H704,0.07678405537650602
H705,0.5348535946583196
H706,0.7505976244863385
H707,0.7240011916137407
H708,0.7179854522968346
H709,0.1086293606331444
H710,0.4451392548945491
H711,0.03798960126763158
H712,0.12121975048547888
H713,0.29121845196897084
H714,0.036476949409618264
H715,0.37742250747757605
H716,0.6063125882968871
H717,0.08946511514062835
H718,0.7725813973688889
H719,0.22768607239218472
H720,0.7907027766954854
H721,0.419799502287604
H722,0.7288346380832034
H723,0.6745606329963824
H724,0.006374727727325773
H725,0.1998608572121872
H726,0.8260367390615918
H727,0.006858249988334603
H728,0.19832579861186628
H729,0.44336949063015196
H730,0.0586091287264776
H731,0.5538644707755385
H732,0.5513600719408612
H733,0.06461955224863301
H734,0.4994480750101766
H735,0.6331797792311947
H736,0.013150494419257718
H737,0.01675892225987148
H738,0.37818877213233687
H739,0.0035848037361076958
H740,0.5115575363989364
H741,0.8174480445777396
H742,0.0013602918986128558
H743,0.3655556678497307
H744,0.5926465260370738
H745,0.7462650876970917
H746,0.752003547631414
H747,0.12633365575548736
H748,0.644321013235932
H749,0.0005990337245825082
H750,0.3610381443669583
H751,0.8143728054575297
H752,0.6385169389909323
H753,0.00019569472087568803
H754,0.1541016716998305
H755,0.4955121228365866
H756,0.10965842969341198
H757,0.3700999581912318
H758,0.3853443834792867
H759,0.13851436971489892
H760,0.5267819146056477
H761,0.009395132720020734
H762,0.4438714216192511
H763,0.5127441372681547
H764,0.7916174439295267
H765,0.015148818565232753
H766,0.4545514933332981
H767,0.5422656307347803
H768,0.05390235531271077
H769,0.49969362593816313
H770,0.6277040309753218
H771,0.14512682673298583
H772,0.37112626944846316
H773,0.778988281691318
H774,0.38135343300106167
H775,0.8001316571650017
H776,0.13938180517921828
H777,0.16466160914637565
H778,0.01937579308641573
H779,0.25535207714956754
H780,0.14172748192610118
H781,0.7290423483804629
H782,0.7267755785901354
H783,0.07937615691063353
H784,0.7310901235609103
H785,0.08953709516624624
H786,0.06291638306002581
H787,0.5851409468051405
H788,0.28271864334342006
H789,0.012745345806661906
H790,0.04664526865144293
H791,0.7953275175121773
H792,0.00867272993261522
H793,0.10770462426846424
H794,0.23862530172617644
H795,0.7848278024618042
H796,0.8283839827301808
H797,0.5728463776732827
H798,0.3890898052231351
H799,0.43777481202348917
H800,0.12575664116435414
H801,0.3766279225579856
H802,0.3026106161870484
H803,0.6298650002308082
H804,0.2740653102673067
H805,0.8142052878978926
H806,0.7844294043088794
H807,0.5119181857958053
H808,0.5370833227339429
H809,0.22694517633405564
H810,0.23472847806723518
H811,0.6107786900669151
H812,0.7382652947340329
H813,0.35954812963133614
H814,0.6082057719392608
H815,0.02961742007581226
H816,0.057573093155161924
H817,0.7259501593044896
H818,0.1822198731367185
H819,0.7621534217059038
H820,0.5460613203430316
H821,0.4647288042218385
H822,0.08165663508099959
H823,0.45236179311969815
H824,0.8345559640279478
H825,0.8001655350621927
H826,0.5705169917542432
H827,0.42157562377778557
H828,0.4137323358449922
H829,0.7471776824365014
H830,0.18489100992586877
H831,0.8160272796966818
H832,0.03963865895329824
H833,0.47167644347969734
H834,0.024462675006496497
H835,0.0022458258899360544
H836,0.8009516581261875
H837,0.5592498819678144
H838,0.16688438336053618
H839,0.7892689249236312
H840,0.015549379777665804
H841,0.404720056139037
H842,0.27971699522271803
H843,0.3565939427229791
H844,0.5757156063679396
H845,0.6597847293990136
H846,0.37142044131673096
H847,0.2738049452500391
H848,0.19574277955212865
H849,0.23209973739768033
H850,0.11424111952626796
H851,0.753500289566844
H852,0.11448766505901076
H853,0.7546874630435383
H854,0.28818134131661505
H855,0.038121575722319556
H856,0.6727253982458923
H857,0.3059363762571262
H858,0.7248199339508575
H859,0.41178822689100125
H860,0.007489368552920092
H861,0.3136503890447486
H862,0.6030758738399145
H863,0.8184134040662109
H864,0.5688930155836669
H865,0.13805208498477903
H866,0.4111190933312892
H867,0.7602808792672706
H868,0.6075249464521343
H869,0.07985617432136874
H870,0.25877583870025145
H871,0.01430031542147027
H872,0.43561342834701694
H873,0.4420128301576993
H874,0.8107698151667523
H875,0.11138546128761384
H876,0.09912881821702785
H877,0.3317359625406207
H878,0.59835261862697
H879,0.3837679042626864
H880,0.026078299614922796
H881,0.7444399464898758
H882,0.7995049748503982
H883,0.1789229635995295
H884,0.6146852242421739
H885,0.015914464286352372
H886,0.04532112138729549
H887,0.6829364205781877
H888,0.822992202016024
H889,0.7886394250691052
H890,0.056485319306619354
H891,0.7869560807092933
H892,0.14089076665405176
H893,0.5834759024196586
H894,0.6472337604790058
H895,0.8152741314303068
H896,0.8311409125106113
H897,0.7139392782866987
H898,0.03832159325411175
H899,0.27316534641213625
H900,0.345596628358239
H901,0.7975718405677888
H902,0.0037387820046230064
H903,0.8370966186175108
H904,0.6529828392100959
H905,0.3832875474533856
H906,0.024852907529842063
H907,0.7688512771758437
H908,0.7861879545161221
H909,0.00019107386845810826
H910,0.06770589301586084
H911,0.39182354433858624
H912,0.3018283004750353
H913,0.46016421424638787
H914,0.18112965235457407
H915,0.04423156948700939
H916,0.006555743858679478
H917,0.5886258560615812
H918,0.41794931404587476
H919,0.01181926468929142
H920,0.08250818064208582
H921,0.3804884410958118
H922,0.10524487284426444
H923,0.38272125605544044
H924,0.8048875640918803
H925,0.5164460639629206
H926,0.2318217621577592
H927,0.4781175488088161
H928,0.14228213724335548
H929,0.6558926933402295
H930,0.5797436359828434
H931,0.62915502749213
H932,0.36713654560921716
H933,0.792011121590551
H934,0.42359707329608265
H935,0.3169766333474354
H936,0.009289395989433518
H937,0.7902284862016665
H938,0.12546471059308026
H939,0.401467287407043
H940,0.15352773386837248
H941,0.26897050485808216
H942,0.24821565658785702
H943,0.017869662434230448
H944,0.5806199569005639
H945,0.781014576154694
H946,0.32290083846416123
H947,0.6641419554297532
H948,0.03630873357683979
H949,0.052813465519151725
H950,0.045817312721587476
H951,0.7739954661249178
H952,0.5884495387029027
H953,0.4927132474958199
H954,0.22605553289899233
H955,0.7958559357651822
H956,0.8030586141477822
H957,0.7781630338803317
H958,0.6914102897109947
H959,0.0018705608703295119
H960,0.7695707969332706
H961,0.026275347653284226
H962,0.005358263252796361
H963,0.1722134761954614
H964,0.6348965072675662
H965,0.5991784931867559
H966,0.4945216237080899
H967,0.7272358983514738
H968,0.7650604014130797
H969,0.5930411017869222
H970,0.6633225760691369
H971,0.2877391734265605
H972,0.19870282616498805
H973,0.7718577194580115
H974,0.3381378522130583
H975,0.3022287108531775
H976,0.8299589669578482
H977,0.7823919051322676
H978,0.42626043978281136
H979,0.7432281400733274
H980,0.022659828583937645
H981,0.7653928512988099
H982,0.8236694578021143
H983,0.07101751848565274
H984,0.2192851816663591
H985,0.3579942719176826
H986,0.06642595426341308
H987,0.8036600335972685
H988,0.0009399048943467016
H989,0.3647041471397337
H990,0.05403933576332927
H991,0.772114658372371
H992,0.22476342191354812
H993,0.728830156148746
H994,0.565283735101237
H995,0.7149443679556732
H996,0.07361135290714732
H997,0.603316669462909
H998,0.3966755294396428
H999,0.03341722251366825
H1000,0.06849742470763721
H1001,0.7889404204267043
H1002,0.05876112025101708
H1003,0.20756880199233266
H1004,0.7248905906231349
H1005,0.4375383362773167
H1006,0.5028565754222051
H1007,0.5193439340116931
H1008,0.8317121683221049
H1009,0.7540015751933293
H1010,0.8256112151671728
H1011,0.10536108086287574
H1012,0.08812109762392896
H1013,0.7247521678160227
H1014,0.42385932210977967
H1015,0.7646356788943566
H1016,0.6137885235828675
H1017,0.19486377834921983
H1018,0.7019528788096557
H1019,0.6084168012044072
H1020,0.670040095463199
H1021,0.6806456613944689
H1022,0.3732854220575665
H1023,0.45185532105917414
H1024,0.04031589819127187
H1025,0.30858213269298607
H1026,0.34777924421648443
H1027,0.7013233865434487
H1028,0.43952722205560957
H1029,0.5042372376465174
H1030,0.6326857597834635
H1031,0.45491536952117423
H1032,0.06957487044009555
H1033,0.5457448334866927
H1034,0.06070336588339182
H1035,0.23206087780516393
H1036,0.3350147026373716
H1037,0.43426469873200985
H1038,0.8030052223985155
H1039,0.7989714927336126
H1040,0.7988668184737021
H1041,0.7827842017762925
H1042,0.03792914465631264
H1043,0.05725038048244286
H1044,0.01858686193016618
H1045,0.6850259028546145
H1046,0.5604548770942385
H1047,0.189019052151307
H1048,0.3755122201721073
H1049,0.04721593647622258
H1050,0.4185669895997927
H1051,0.5282910055932022
H1052,0.6608141960700923
H1053,0.32990748440103373
H1054,0.468489163787422
H1055,0.10829522161383931
H1056,0.24297014417287197
H1057,0.0003614560620049641
H1058,0.5918880419449762
H1059,0.6275698027282784
H1060,0.1825955897579318
H1061,0.36828967416280545
H1062,0.3494359906783138
H1063,0.0695143914317771
H1064,0.43371126702757523
H1065,0.7611515241490069
H1066,0.005907479828203492
H1067,0.3111533771357918
H1068,0.6373478762810731
H1069,0.04846949394582974
H1070,0.8103579713839397
H1071,0.5943757184304942
H1072,0.43957890956996715
H1073,0.8107395106772912
H1074,0.006771342179692203
H1075,0.023995504657899673
H1076,0.2083625079655545
H1077,0.3626781139067773
H1078,0.8343482614075455
H1079,0.1892639658309131
H1080,0.7913773784193084
H1081,0.6731201266895072
H1082,0.5772600485919334
H1083,0.7582917948835698
H1084,0.4738918063350069
H1085,0.434731852751738
H1086,0.5056156535417985
H1087,0.5330721309634071
H1088,0.6572860058922725
H1089,0.596998898274987
H1090,0.0020600952600293523
H1091,0.30305527832191936
H1092,0.7478482341831584
H1093,0.6621472885264171
H1094,0.8060267986224265
H1095,0.31467317138917855
H1096,0.311959587218866
H1097,0.36845784478389504
H1098,0.6771721851089196
H1099,0.8102204774773745
H1100,0.6600324938043854
H1101,0.7876326165688072
H1102,0.5820861464331545
H1103,0.6669817849289423
H1104,0.7503339363216593
H1105,0.6984143965232956
H1106,0.5905730035186565
H1107,0.6290026036425471
H1108,0.02967361055639037
H1109,0.06178725893425492
H1110,0.3340314084523515
H1111,0.5658331961857151
H1112,0.691492866626301
H1113,0.4558319746993988
H1114,0.008197881924292832
H1115,0.3886416758889202
H1116,0.8155651293184015
H1117,0.0396533884130032
H1118,0.4698679085653004
H1119,0.5099150404645904
H1120,0.5427520741831144
H1121,0.21753925009365435
H1122,0.4708055014840801
H1123,0.7541434343606016
H1124,0.009191706382546901
H1125,0.7875851509420877
H1126,0.0009373175768796312
H1127,0.20848763284364807
H1128,0.6289682170758181
H1129,0.8292919865503532
H1130,0.06632676952751834
H1131,0.5976507371115487
H1132,0.22005214656881858
H1133,0.2100337542312432
H1134,0.266889323201052
H1135,0.12421201102059323
H1136,0.029962925417944777
H1137,0.5247025217562624
H1138,0.08455368581278774
H1139,0.1520435198344671
H1140,0.7496648316553886
H1141,0.09544250047134752
H1142,0.5339898568805588
H1143,0.562730797235483
H1144,0.5368175509628617
H1145,0.8204234386638577
H1146,0.8323721423984763
H1147,0.7816160215691569
H1148,0.7612628409699105
H1149,0.5929834018403775
H1150,0.8212026815280883
H1151,0.7441008212682888
H1152,0.6247345241039114
H1153,0.129552025269805
H1154,0.7123720763598571
H1155,0.7221609790308336
H1156,0.4751457510402587
H1157,0.16956694777225498
H1158,0.18009515689669897
H1159,0.4919517034939778
H1160,0.12144418263513708
H1161,0.4623901634969854
H1162,0.5721413578502609
H1163,0.24713387924770924
H1164,0.6966671757498201
H1165,0.8160055997938825
H1166,0.4622549535128578
H1167,0.4326993441919747
H1168,0.26116016037184103
H1169,0.5940580105173204
H1170,0.08512848547755317
H1171,0.1707072587660532
H1172,0.4645585526515021
H1173,0.06555901508676411
H1174,0.6958138466093721
H1175,0.02531165990718271
H1176,0.804585003412259
H1177,0.13709343073804664
H1178,0.24887211249072183
H1179,0.20647794295748217
H1180,0.09627523585359003
H1181,0.1886112725386993
H1182,0.460116138794435
H1183,0.6055751603771076
H1184,0.6971741202575656
H1185,0.4735566610614161
H1186,0.7826361758986307
H1187,0.5179711913026374
H1188,0.6731959970723637
H1189,0.11042219959696543
H1190,0.26075895137310384
H1191,0.30749943792352796
H1192,0.8370046292348269
H1193,0.5095938462296065
H1194,0.3967380605149285
H1195,0.005123611622218965
H1196,0.10856888967763656
H1197,0.732447321369577
H1198,0.6034739026705593
H1199,0.13668081473341806
H1200,0.7482586742358777
H1201,0.38875249404663037
H1202,0.3216725291103316
H1203,0.0820503109404036
H1204,0.6942497171062139
H1205,0.3077407127178503
H1206,0.4062594549111188
H1207,0.6945141960588016
H1208,0.10479844575794636
H1209,0.7144698216913086
H1210,0.040242603053500234
H1211,0.5997017772176566
H1212,0.28715858709509406
H1213,0.42146218362659177
H1214,0.010234569494184635
H1215,0.6298953913180417
H1216,0.5200335517782502
H1217,0.741687379252562
H1218,0.7782380062110661
H1219,0.8105345104960279
H1220,0.21687418869926528
H1221,0.7961306223194599
H1222,0.04594768073523317
H1223,0.45319666431180405
H1224,0.3100192314093528
H1225,0.7888744602468335
H1226,0.7683366369390163
H1227,0.6346125575478297
H1228,0.7840852463724354
H1229,0.6220690218165582
H1230,0.5733065903703995
H1231,0.0926487407837836
H1232,0.31089502700527893
H1233,0.5751210701818759
H1234,0.7953346077070813
H1235,0.1252030628499592
H1236,0.66841977179735
H1237,0.5941651027764326
H1238,0.6676957595861267
H1239,0.15323032516388874
H1240,0.5653407237780181
H1241,0.660987109224433
H1242,0.7778737607656913
H1243,0.6921449724360049
H1244,0.31415493927070065
H1245,0.08137990956957816
H1246,0.7524396784199059
H1247,0.31057138470621937
H1248,0.8235013311089925
H1249,0.28049980392656676
H1250,0.6779567922799014
H1251,0.8122232198257308
H1252,0.8066937890624035
H1253,0.43073517714149073
H1254,0.041199800992899584
H1255,0.713369438512741
H1256,0.6580216091046686
H1257,0.0845736827795469
H1258,0.6205721489202176
H1259,0.28042087668730004
H1260,0.3638703173942698
H1261,0.7618408015442172
H1262,0.24200231322676033
H1263,0.2071479052831544
H1264,0.03003252823836931
H1265,0.08597060233820923
H1266,0.6120658923841834
H1267,0.29596134924451
H1268,0.8058312252861036
H1269,0.5804661758037535
H1270,0.7843008335334687
H1271,0.646888543910022
H1272,0.11348248795638638
H1273,0.4642428262464005
H1274,0.8185295852988779
H1275,0.6817005005547631
H1276,0.6170717083889844
H1277,0.4259222179005751
H1278,0.8012826839205247
H1279,0.8288977240028771
H1280,0.3102532550589379
H1281,0.7465029738065141
H1282,0.7016179408170862
H1283,0.7090804381096875
H1284,0.26573613516828243
H1285,0.21986410564139858
H1286,0.5003952083915005
H1287,0.7827193270688275
H1288,0.1861937175237826
H1289,0.7556048187278082
H1290,0.33404197834530425
H1291,0.025810803843265766
H1292,0.4915210853398836
H1293,0.0012262088841741075
H1294,0.48755986258061784
H1295,0.5992589664705805
H1296,0.5713871127274921
H1297,0.780898306764239
H1298,0.010210208345451792
H1299,0.059639327939540805
H1300,0.8105427308794322
H1301,0.3744372604579703
H1302,0.7451995143467133
H1303,0.589043746468933
H1304,0.7072605147742436
H1305,0.14378927190914503
H1306,0.4017599643599944
H1307,0.7883216440617764
H1308,0.1723444190832107
H1309,0.0024015543530065994
H1310,0.5978798321940839
H1311,0.008683290574793895
H1312,0.13753956826993388
H1313,0.44102683266195664
H1314,0.0010897337551235493
H1315,0.03001523141923712
H1316,0.4485934294484892
H1317,0.7211267905182079
H1318,0.6042554323235587
H1319,0.806379134238398
H1320,0.7181027218333919
H1321,0.06950436463535911
H1322,0.07844197526804934
H1323,0.7304464927383918
H1324,0.18771611053505255
H1325,0.7435747155074546
H1326,0.5368575510355558
H1327,0.7931794729217101
H1328,0.7873082280820026
H1329,0.7127406889086915
H1330,0.07338635362050563
H1331,0.6344599797784337
H1332,0.5886504303550791
H1333,0.12099346057584806
H1334,0.010198204986495376
H1335,0.7492365549959691
H1336,0.04827449994326633
H1337,0.3076471469743183
H1338,0.6479956220264638
H1339,0.20433483121236007
H1340,0.39245301723924664
H1341,0.5906042892502711
H1342,0.288783857219584
H1343,0.25443218630386183
H1344,0.8292374291198911
H1345,0.06710908068708456
H1346,0.0848609844401113
H1347,0.44737272639624
H1348,0.0066768154015991515
H1349,0.1515503207916758
H1350,0.5149158930212963
H1351,0.042173932208613964
H1352,0.6584235379475993
H1353,0.8287447294931551
H1354,0.10811523418690781
H1355,0.19108857325357756
H1356,0.7359688241316618
H1357,0.2764307542142847
H1358,0.828530248118209
H1359,0.7019980919187906
H1360,0.7790243752578404
H1361,0.20483693852132814
H1362,0.06966426940899355
H1363,0.21412107477619874
H1364,0.7072519211064383
H1365,0.4658559159804433
H1366,0.4839508014133094
H1367,0.05280988916626662
H1368,0.8256446778607723
H1369,0.8172358688914171
H1370,0.74403841475491
H1371,0.5452424206506513
H1372,0.8018527163328241
H1373,0.36640966709803874
H1374,0.7106854709861947
H1375,0.30490216165026435
H1376,0.6311402274760917
H1377,0.02563057481929571
H1378,0.2670601654417244
H1379,0.6341325010185855
H1380,0.718356933171426
H1381,0.7666976848783806
H1382,0.6073720272145506
H1383,0.6193164552635904
H1384,0.03918149667566813
H1385,0.09844916723248186
H1386,0.32802672870306687
H1387,0.007000326827634067
H1388,0.024832301512551214
H1389,0.32533492572683964
H1390,0.34873736199161476
H1391,0.8197032611441888
H1392,0.3289737483829359
H1393,0.7619206332733148
H1394,0.33614330749625143
H1395,0.5447405969993133
H1396,0.039340327266187816
H1397,0.0315526702897672
H1398,0.4467413407847366
H1399,0.267481713305581
H1400,0.7989939232998423
H1401,0.25950434934989536
H1402,0.6412975225185821
H1403,0.5747342671348942
H1404,0.0033995171972291943
H1405,0.15348185329344294
H1406,0.6842426360773751
H1407,0.3434239196737556
H1408,0.2662261329142458
H1409,0.3955254210083667
H1410,0.7848978727026343
H1411,0.4854855732446175
H1412,0.78551648663592
H1413,0.5664651652017685
H1414,0.6137721695655002
H1415,0.750639487094994
H1416,0.41206243420443067
H1417,0.5912400918184334
H1418,0.6672391223556348
H1419,0.037485733469531136
H1420,0.034314151220637155
H1421,0.7613471209127795
H1422,0.7052500294315036
H1423,0.17008452733210974
H1424,0.6342640207734245
H1425,0.022177081708129594
H1426,0.03051975071806966
H1427,0.5473626911826608
H1428,0.13715135286153993
H1429,0.7815480108303501
H1430,0.11660828242301274
H1431,0.0026538225059700407
H1432,0.6651237837310289
H1433,0.06750242363851326
H1434,0.3699552076396082
H1435,0.7696474119664543
H1436,0.07009536740313149
H1437,0.3587791046862756
H1438,0.2532723265831074
H1439,0.024109591510957495
H1440,0.44008108338509666
H1441,0.7594306574415923
H1442,0.6694576150091364
H1443,0.08930939522194109
H1444,0.7467021876103076
H1445,0.6624304207501917
H1446,0.26463948638335166
H1447,0.5686471024860973
H1448,0.7335374085509948
H1449,0.8025473347923253
H1450,0.32134545785920077
H1451,0.6095927637618274
H1452,0.09623922968929594
H1453,0.7813427156002704
H1454,0.28298561500439307
H1455,0.7028921389621045
H1456,0.008127815134164402
H1457,0.7953059585886062
H1458,0.8203671052565797
H1459,0.49508294615628623
H1460,0.6134144228044005
H1461,0.056878394878464314
H1462,0.04154250722410673
H1463,0.7714350907182661
H1464,0.07928023099492504
H1465,0.7977854275855869
H1466,0.8061070920086147
H1467,0.8077642488690929
H1468,0.7642936476038711
H1469,0.12953043701531036
H1470,0.6763626595843277
H1471,0.3358000097881123
H1472,0.17606098442370408
H1473,0.20780848236158087
H1474,0.039964296507223905
H1475,0.14504638231889103
H1476,0.04288718436030723
H1477,0.410546578036157
H1478,0.8187230767338439
H1479,0.1679072005480602
H1480,0.11293622118066789
H1481,0.7384900083504109
H1482,0.16736602433049436
H1483,0.005962179859168186
H1484,0.5407287515459163
H1485,0.7996254921917239
H1486,0.6059063796674157
H1487,0.5199465200579412
H1488,0.82823003833657
H1489,0.611937043445696
H1490,0.41617778222419655
H1491,0.37277974154321736
H1492,0.7809367004244178
H1493,0.15476055056778554
H1494,0.05532499446417713
H1495,0.5680882745123218
H1496,0.04176913726940777
H1497,0.7766985998879772
H1498,0.2035127411037703
H1499,0.787896810488782
H1500,0.8034217547317452
H1501,0.7968891845804811
H1502,0.7558903185365191
H1503,0.7227232926426579
H1504,0.3740283956202194
H1505,0.37445635923675574
H1506,0.7829610411677382
H1507,0.7253669622952741
H1508,0.6392044523923209
H1509,0.2125377916531525
H1510,0.4381547061222927
H1511,0.12056165094070467
H1512,0.6045089538905236
H1513,0.6331715543668827
H1514,0.10420968955485381
H1515,0.5985439556532849
H1516,0.030794819965927315
H1517,0.7607185960187901
H1518,0.6887447341560612
H1519,0.3184306229898586
H1520,0.5122919009501999
H1521,0.37530738344065856
H1522,0.24970946236108024
H1523,0.3641623814140392
H1524,0.5454572809260622
H1525,0.06238806746874389
H1526,0.6890362734425478
H1527,0.16127058819268414
H1528,0.7353087302538125
H1529,0.8025914206615803
H1530,0.161046468432316
H1531,0.5693937671438027
H1532,0.62442997189991
H1533,0.6119284325937551
H1534,0.03159674648720456
H1535,0.2746201877290526
H1536,0.5088272237799639
H1537,0.010305720517234353
H1538,0.5619688826576584
H1539,0.5304975002421037
H1540,0.0554371336797254
H1541,0.5612122461922455
H1542,0.7631543073293485
H1543,0.01976317977841918
H1544,0.11195880669242513
H1545,0.7641319346412997
H1546,0.7251891345239344
H1547,0.5952570669105847
H1548,0.019017672844573303
H1549,0.46298650061682284
H1550,0.6007264581376263
H1551,0.34184623934589453
H1552,0.03358299361865622
H1553,0.7313158587859988
H1554,0.7722208034823608
H1555,0.2683439070495662
H1556,0.007904133116688365
H1557,0.6176817179465387
H1558,0.3348304107020828
H1559,0.8046946366869123
H1560,0.3036291030991286
H1561,0.49516298962760713
H1562,0.009269049095579176
H1563,0.5021909111071741
H1564,0.011325003343083201
H1565,0.6521682123740324
H1566,0.3521992280243175
H1567,0.7476962841648717
H1568,0.7909812578701588
H1569,0.615326992218368
H1570,0.8156921864673286
H1571,0.11840644608041456
H1572,0.7879144675764723
H1573,0.6556490114639798
H1574,0.002151572233016721
H1575,0.12073718154555928
H1576,0.010575237379748007
H1577,0.6305054950543388
H1578,0.04074169504450089
H1579,0.7385528787976632
H1580,0.20703347977856484
H1581,0.7668636649064388
H1582,0.8243619120085826
H1583,0.09453744878506039
H1584,0.21635575723542422
H1585,0.13260125362516362
H1586,0.6429968775740487
H1587,0.7110137225656786
H1588,0.8301476117414536
H1589,0.8121660632230624
H1590,0.06277380937597536
H1591,0.07833389450582956
H1592,0.055559173903178424
H1593,0.16645879575697223
H1594,0.3695879950571699
H1595,0.14842427691959004
H1596,0.50194909941256
H1597,0.20729975756110713
H1598,0.7073647111996035
H1599,0.21758468239260667
H1600,0.08904967317406182
H1601,0.4877827460800488
H1602,0.5257157360027065
H1603,0.7350758424681682
H1604,0.7169255336163457
H1605,0.8299819778907558
H1606,0.28335719688810274
H1607,0.792863963257093
H1608,0.2071751718780474
H1609,0.005863467549548603
H1610,0.0018009238027397938
H1611,0.5094972197443592
H1612,0.7648498036724299
H1613,0.770912731700541
H1614,0.1865484164579255
H1615,0.5823346552597102
H1616,0.37417933793756053
H1617,0.7654800635625831
H1618,0.5138637217243138
H1619,0.12154193244737445
H1620,0.012606910101793614
H1621,0.005869350432499457
H1622,0.6033946418763905
H1623,0.4123650419030328
H1624,0.6890775201759
H1625,0.20461310554040402
H1626,0.004774030402911608
H1627,0.6964287216196052
H1628,0.7703283449881653
H1629,0.02684824356895247
H1630,0.032160817806629174
H1631,0.0012369473550393566
H1632,0.5718673834978353
H1633,0.7913585933538813
H1634,0.38783017095531486
H1635,0.08252265156489268
H1636,0.37635507579566624
H1637,0.04405761404055205
H1638,0.5998437743494437
H1639,0.7371023953342182
H1640,0.27501321923936645
H1641,0.7888760736344602
H1642,0.8353830228528686
H1643,0.6763389415434453
H1644,0.3353073368620703
H1645,0.714728323025799
H1646,0.775717633121858
H1647,0.750024734836202
H1648,0.5522051561665925
H1649,0.04020357195116815
H1650,0.3753988334687362
H1651,0.7273208440621434
H1652,0.5391108848698699
H1653,0.012649320195233307
H1654,0.7809598151083063
H1655,0.6597847293990136
H1656,0.49189811274976575
H1657,0.014322153631289195
H1658,0.21765315355447057
H1659,0.5722797311031915
H1660,0.4708315759682265
H1661,0.6100417540045873
H1662,0.7470247241848428
H1663,0.8126716980178911
H1664,0.09452930189141005
H1665,0.1496883916135927
H1666,0.13736846721325308
H1667,0.14067806275729028
H1668,0.4614247559546356
H1669,0.47352153671217695
H1670,0.21979747116277684
H1671,0.5798656984739147
H1672,0.5576463001243557
H1673,0.03473847615220882
H1674,0.7447912269737679
H1675,0.6732215186030249
H1676,0.8013810121918546
H1677,0.28265830315369544
H1678,0.6077863329900831
H1679,0.7001935716126835
H1680,0.03690848399470686
H1681,0.22765659634200036
H1682,0.5219037622588286
H1683,0.7606064795648263
H1684,0.026273592434926697
H1685,0.010726072768868092
H1686,0.6636738883656152
H1687,0.5134934793212866
H1688,0.768303679394058
H1689,0.0005565082180752414
H1690,0.41686289695424367
H1691,0.787642690150628
H1692,0.7755825929299867
H1693,0.006979476659083474
H1694,0.387665450932883
H1695,0.5992257318521462
H1696,0.07882780532866861
H1697,0.39152892941322587
H1698,0.8218698914435428
H1699,0.5164338427834473
H1700,0.7902910036716915
H1701,0.1422837255675464
H1702,0.42462962370366214
H1703,0.3005935743320474
H1704,0.12258651207296375
H1705,0.5962482828025852
H1706,0.7863464758071212
H1707,0.6570302269483048
H1708,0.35505037529710287
H1709,0.7563129420780734
H1710,0.6810041261862654
H1711,0.7821610131665245
H1712,0.2493690958011533
H1713,0.45776975952811366
H1714,0.6207387558796013
H1715,0.006755677834921286
H1716,0.0018465337463757854
H1717,0.06254544560851834
H1718,0.5422415187764978
H1719,0.3852268808603299
H1720,0.8307679700527564
H1721,0.021564932332365665
H1722,0.7964943400988828
H1723,0.7947788989311633
H1724,0.016212378967079347
H1725,0.5976512804409106
H1726,0.012415459843629188
H1727,0.020839306199469724
H1728,0.01133564309821505
H1729,0.6699688134596299
H1730,0.6049515816754335
H1731,0.6859255600258631
H1732,0.004869605150943747
H1733,0.8234657049250581
H1734,0.40046019069199223
H1735,0.6887084103431214
H1736,0.28069804405403564
H1737,0.2655976234286776
H1738,0.6150435043581705
H1739,0.5254065577861022
H1740,0.8172079767352967
H1741,0.6692744435559078
H1742,0.6469611658622183
H1743,0.08836091536048732
H1744,0.18853969786470273
H1745,0.6496442493868676
H1746,0.6775240715998558
H1747,0.7885318223255304
H1748,0.23265826574386297
H1749,0.478582362594443
H1750,0.7932812766406998
H1751,0.7296569928966185
H1752,0.6406526041630264
H1753,0.06251291224638066
H1754,0.1907457904347106
H1755,0.48368518405707644
H1756,0.0019882714587022886
H1757,0.5557583896158822
H1758,0.08765731349566686
H1759,0.3762963480072427
H1760,0.7842717889587095
H1761,0.6346838483908968
H1762,0.7827944444277154
H1763,0.34833592267343105
H1764,0.11818545373453335
H1765,0.07846161269243773
H1766,0.7316391376148471
H1767,0.02058339381041359
H1768,0.14897418109068888
H1769,0.6292711328950682
H1770,0.16483430913267738
H1771,0.21541387735185163
H1772,0.2298291678761188
H1773,0.6038476846517494
H1774,0.5700522356624752
H1775,0.8356594051573991
H1776,0.004321422330538525
H1777,0.5903485476190763
H1778,0.472691265411059
H1779,0.34476801586703487
H1780,0.25195629455067436
H1781,0.0736132203045657
H1782,0.5447947988798817
H1783,0.7375861820173764
H1784,0.7727784627216836
H1785,0.004962704476220756
H1786,0.19289722056945907
H1787,0.6102345139721018
H1788,0.13139900041731473
H1789,0.20672859730071477
H1790,0.7209186389536214
H1791,0.04339004261246157
H1792,0.42148944207256744
H1793,0.08978019300028096
H1794,0.7217123282934615
H1795,0.7316290802664349
H1796,0.659308126213252
H1797,0.797770307946477
H1798,0.00045869115175237505
H1799,0.8236828855482227
H1800,0.7241338439897357
H1801,0.6340060706487514
H1802,0.7562530048645962
H1803,0.0008604309639800798
H1804,0.567864584825899
H1805,0.3838199119320819
H1806,0.7785584878326445
H1807,0.6317172159841593
H1808,0.11358122089646516
H1809,0.039397367713281124
H1810,0.295518259297094
H1811,0.35867535832698966
H1812,0.36731883721943936
H1813,0.09055556846131858
H1814,0.0021346071992814587
H1815,0.7358980714327574
H1816,0.20342011615984532
H1817,0.016988392752513747
H1818,0.4265474623386858
H1819,0.8102675677657779
H1820,0.4388991662342779
H1821,0.0663482099766974
H1822,0.012890200121912485
H1823,0.15671548522267711
H1824,0.8212555277195082
H1825,0.3610857348097983
H1826,0.8040295402339594
H1827,0.6234534232776583
H1828,0.5761842009664062
H1829,0.18325537548174833
H1830,0.7441540322428913
H1831,0.30771924992624466
H1832,0.8092479965677954
H1833,0.7578890058838262
H1834,0.740956273086405
H1835,0.4106215021138824
H1836,0.0011846383664673088
H1837,0.24164564291895185
H1838,0.834961139887489
H1839,0.18171177134871241
H1840,0.3768482512485781
H1841,0.012969234812112346
H1842,0.5432405072158644
H1843,0.8333255187678027
H1844,0.5992832535863879
H1845,0.7871340539489697
H1846,0.5102571215338205
H1847,0.15710217526179437
H1848,0.21039427448612294
H1849,0.3518984088953231
H1850,0.009644629021273035
H1851,0.6794560370983912
H1852,0.2599240319329999
H1853,0.5592804424296179
H1854,0.34916780398681624
H1855,0.012655099374642988
H1856,0.686765600130783
H1857,0.0025111420797442005
H1858,0.4824234399766001
H1859,0.3206498293035037
H1860,0.8075773302647522
H1861,0.7320477877981777
H1862,0.2038268546528261
H1863,0.7824705041844503
H1864,0.8485676229258272
H1865,0.5010292062226055
H1866,0.6391435865317103
H1867,0.82160273158473
H1868,0.15605331345066367
H1869,0.45809718385716786
H1870,0.05018412978392257
H1871,0.5790494803212677
H1872,0.6375941665511512
H1873,0.2970475197630537
H1874,0.01070453193177023
H1875,0.004789828637891354
H1876,0.7733340210541734
H1877,0.6685760347234126
H1878,0.08451831403297924
H1879,0.381497949520412
H1880,0.20000653979417626
H1881,0.026539424377608752
H1882,0.7306202774279711
H1883,0.07634220215341493
H1884,0.7194721846159134
H1885,0.16413390100966477
H1886,0.4873763210745091
H1887,0.20727292682733445
H1888,0.07633529594759068
H1889,0.7261608620180251
H1890,0.0753083789070302
H1891,0.774013973632474
H1892,0.1921794797726013
H1893,0.010060500849939749
H1894,0.7859568814675489
H1895,0.43388840195022893
H1896,0.289638825263454
H1897,0.22213716343971882
H1898,0.06464174021208924
H1899,0.19644999083792214
H1900,0.11766231396287218
H1901,0.8092034538923764
H1902,0.012973232668670507
H1903,0.7063625517497956
H1904,0.44872208834565064
H1905,0.06339627253337383
H1906,0.01303725309412084
H1907,0.7245113000190417
H1908,0.7334950920970472
H1909,0.01035008719925441
H1910,0.8352460164877912
H1911,0.8055755668655862
H1912,0.19458619458352092
H1913,0.4695466052652965
H1914,0.4623684629674716
H1915,0.7544928322627
H1916,0.8008493353663825
H1917,0.40978632730015546
H1918,0.30051915174850424
H1919,0.668160687263081
H1920,0.004359919284170279
H1921,0.06733294804652357
H1922,0.8172588296678479
H1923,0.7106110433522485
H1924,0.50105528352902
H1925,0.7903123035915434
H1926,0.5421906489946368
H1927,0.18978143783961565
H1928,0.5700628441375578
H1929,0.44174013059365863
H1930,0.07704553910769661
H1931,0.8027766109002319
H1932,0.2559913113677473
H1933,0.011891898628268203
H1934,0.00580784845007486
H1935,0.24477561016956864
H1936,0.0592309051621793
H1937,0.7618139182553956
H1938,0.3756698163925659
H1939,0.002062973208766902
H1940,0.2945016534650979
H1941,0.6518431374321344
H1942,0.6489910348361106
H1943,0.6476306808914842
H1944,0.06211689005162165
H1945,0.01501471303482787
H1946,0.5717319388313681
H1947,0.6712824836066792
H1948,0.8073094642113482
H1949,0.47864943623019507
H1950,0.013098225758240814
H1951,0.03942258227505147
H1952,0.08321131187700938
H1953,0.8269781412801588
H1954,0.04513048003981805
H1955,0.6987618241230695
H1956,0.7468341704015804
H1957,0.7576458139575448
H1958,0.1736577969658664
H1959,0.7762544104929151
H1960,0.3533320706422119
H1961,0.39439729936976964
H1962,0.07732526235754798
H1963,0.6734137905422032
H1964,0.15416819937308782
H1965,0.24011386909999877
H1966,0.008539723489954331
H1967,0.672077207370134
H1968,0.8076519975124146
H1969,0.430448799297876
H1970,0.02463705352040353
H1971,0.6755711523154135
H1972,0.8050368145193957
H1973,0.14120892826311285
H1974,0.443141517357729
H1975,0.7525036357995458
H1976,0.13389534329303796
H1977,0.7844209445644129
H1978,0.5488701292801895
H1979,0.8107401249578068
H1980,0.06357732906339973
H1981,0.8067468443148178
H1982,0.7896710222309158
H1983,0.35589787678935403
H1984,0.8246799026320556
H1985,0.0028355322757284756
H1986,0.7489289141547059
H1987,0.5574615283291142
H1988,0.5382485259337083
H1989,0.14969327274328897
H1990,0.6630213898938468
H1991,0.0016314968375046267
H1992,0.8206261869171912
H1993,0.1470954414050856
H1994,0.008734698633618422
H1995,0.2713727959945632
H1996,0.4730248018083513
H1997,0.7189296897526458
H1998,0.044016046571115464
H1999,0.06936229539324036
H2000,0.7781803013714494
H2001,0.7382953980507149
H2002,0.4335674718510196
H2003,0.0767415395780137
H2004,0.7800267870432218
H2005,0.16360057226619307
H2006,0.6749353886532213
H2007,0.7394343909805189
H2008,0.5311404567654613
H2009,0.28214335942975544
H2010,0.7301368230033078
H2011,0.001346585549687854
H2012,0.5844060091181674
H2013,0.03265162088253704
H2014,0.5892832464690412
H2015,0.3452052463625067
H2016,0.05732681714249272
H2017,0.6844664341251714
H2018,0.09349175856481079
H2019,0.1614394164560847
H2020,0.037263480567161486
H2021,0.013036018822085292
H2022,0.12091557097343938
H2023,0.8354442380175219
H2024,0.06483385178148371
H2025,0.752342522560076
H2026,0.6472362758751987
H2027,0.7924214229960334
H2028,0.7493256843707045
H2029,0.2902346161646086
H2030,0.698429233744458
H2031,0.1028470158085909
H2032,0.8247707101633647
H2033,0.8030081188870486
H2034,0.23904388991237133
H2035,0.009968398764259825
H2036,0.7001312811166379
H2037,0.38584687426543113
H2038,0.5685710643493885
H2039,0.2000436576102429
H2040,0.07463254187079946
H2041,0.7880684166522954
H2042,0.002047345723485358
H2043,0.11754733728849902
H2044,0.7315958864379741
H2045,0.14410823544942053
H2046,0.008860215264706586
H2047,0.06493524021664038
H2048,0.2994573312193695
H2049,0.5322778951619764
H2050,0.038803821206485574
H2051,0.08672017814367806
H2052,0.24643936976374542
H2053,0.2725941808487442
H2054,0.010456634340818057
H2055,0.5352002916554524
H2056,0.39006351303511644
H2057,0.28025824524313886
H2058,0.5413553978701511
H2059,0.44600605858096465
H2060,0.1697731831098294
H2061,0.6608084802171311
H2062,0.6302220625057015
H2063,0.3321486094707008
H2064,0.439530288330048
H2065,0.2562772318882907
H2066,0.7612575905733949
H2067,0.1680036994733467
H2068,0.5162623054284072
H2069,0.41113436862097946
H2070,0.817702632218894
H2071,0.7489289141547063
H2072,0.22066358726133778
H2073,0.8239027649264581
H2074,0.5071698096869648
H2075,0.508888292603319
H2076,0.8057202268709316
H2077,0.6912254420719833
H2078,0.0609162642366828
H2079,0.38015914764943687
H2080,0.013384471484770441
H2081,0.8186130128333913
H2082,0.3972128114096918
H2083,0.27013531107919014
H2084,0.049156407737039796
H2085,0.06058977068521854
H2086,0.7823367615112695
H2087,0.6559975665267285
H2088,0.35087820090814215
H2089,0.8251664033788106
H2090,0.7521861610035229
H2091,0.40738041657182056
H2092,0.00012115652434315705
H2093,0.07645802645690707
H2094,0.665988518008897
H2095,0.7806991566094451
H2096,0.020288066509304807
H2097,0.04019625551953676
H2098,0.8349780137740848
H2099,0.09947780793042778
H2100,0.8192046494612208
H2101,0.18341824418999284
H2102,0.0157675644284496
H2103,0.6935797683463415
H2104,0.7416996331378101
H2105,0.18728551632581816
H2106,0.6018071288917765
H2107,0.8057976754569959
H2108,0.5149025614574703
H2109,0.14179104824324265
H2110,0.3181378672154038
H2111,0.6963511683561427
H2112,0.8029893930786254
H2113,0.1674987660652994
H2114,0.6508245972220402
H2115,0.7658330141149238
H2116,0.7463161334160181
H2117,0.7972970736693769
H2118,0.20318791510652306
H2119,0.0025055185508150823
H2120,0.4321619889408668
H2121,0.8104715809897097
H2122,0.198603488580635
H2123,0.42399264863430675
H2124,0.8083111196252099
H2125,0.7177704282955203
H2126,0.6972485684654807
H2127,0.12278832357655096
H2128,0.39478119725126165
H2129,0.32378206380541363
H2130,0.7988561350575841
H2131,0.7984768699469071
H2132,0.18140334326821791
H2133,0.7677936449716269
H2134,0.0020659365465088677
H2135,0.8016248149471891
H2136,0.741067682332952
H2137,0.44394632086306457
H2138,0.6315331379000662
H2139,0.027268939736534308
H2140,0.7902098147363215
H2141,0.2736049281079606
H2142,0.24084268851881838
H2143,0.7898322828354704
H2144,0.09471502971497688
H2145,0.2348587716891244
H2146,0.6516844791140569
H2147,0.16544921795108564
H2148,0.17274853540065635
H2149,0.7714086590745695
H2150,0.4233552470947587
H2151,0.7779840698779429
H2152,0.815568368721058
H2153,0.06418315289646084
H2154,0.06743270640773073
H2155,0.7608906151502136
H2156,0.054899079602032295
H2157,0.09042456509850996
H2158,0.7872165784617037
H2159,0.7787738632470593
H2160,0.6711169271610675
H2161,0.08093794404168646
H2162,0.40773359975901785
H2163,0.18074744572118806
H2164,0.4084405080077597
R0,0.01912694615193071
R1,0.11731106035372027
R2,0.2718990423520518
R3,0.03913163953507125
R4,0.07250406612053661
R5,0.0008089969661293028
R6,0.11210539679838406
R7,0.16688350985759098
R8,0.024329176548881757
R9,0.15879266461699593
R10,0.16179819954230573
R11,0.03934878218270288
R12,0.25945413247201465
R13,0.008147841857334057
R14,0.11274900344105131
R15,0.13841424456779816
R16,0.19440011193195678
R17,0.18731927007538632
R18,0.11793172765883458
R19,0.05814488368563815
R20,0.04340144973765759
R21,0.20231023060685566
R22,0.13675344887884372
R23,0.0711570381438355
R24,0.05068736268468513
R25,0.11949708152147474
R26,0.016859977298803362
R27,0.14251861339693733
R28,0.13773941169363807
R29,0.21796904546882812
R30,0.1801584555381828
R31,0.09439345283545977
R32,0.02041957363385107
R33,0.19508490108882698
R34,0.06056959448320125
R35,0.09316819666287585
R36,0.06230956585559705
R37,0.15086890637560166
R38,0.0026858909252907397
R39,0.0009499391919232581
R40,0.0016942392092786501
R41,0.18989250596286986
R42,0.09665496941139588
R43,0.12006183541030152
R44,0.0019092603681676343
R45,0.0841018512078337
R46,0.026219844136029912
R47,0.14316468830332157
R48,0.08960232715964273
R49,0.13517876573835527
R50,0.005855930634913341
R51,0.060002019322451874
R52,0.044952962500927986
R53,0.16017578689337741
R54,0.06357827867806154
R55,0.09824245076029642
R56,0.13860795119260622
R57,0.16616491430496094
R58,0.1998554764871714
R59,0.004594067448705801
R60,0.028698080050868432
R61,0.10177101995495003
R62,0.003627180073424606
R63,0.10872121329998768
R64,0.003696233671039088
R65,0.21260463926289055
R66,0.07796231437225506
R67,0.11823639745772062
R68,0.07884751026000554
R69,0.12497324096654439
R70,0.14930400322001755
R71,0.17397562857363108
R72,0.19854470945882607
R73,0.1410964027499487
R74,0.006773171581926929
R75,0.11161457565939593
R76,0.18266274111584352
R77,0.20829624543187256
R78,0.06476462782216526
R79,0.16698477727779915
R80,0.16196767268954762
R81,0.10808130738440229
R82,0.08201502389950723
R83,0.15405422449025125
R84,0.3276566513762661
R85,0.0782245546214116
R86,0.13105327006402495
R87,0.004021628728507039
R88,0.18704215178475375
R89,0.052276031960362825
R90,0.08174625280088178
R91,0.14389107033459989
R92,0.2314532782699419
R93,0.1633107967945667
R94,0.06588605994913499
R95,0.03558082259930491
R96,0.007989243621016513
R97,0.16744960430247927
R98,0.17687212486856094
R99,0.1107335559349779
R100,0.24641477388945546
R101,0.00488087673441236
R102,0.05684159044062429
R103,0.060511905064553714
R104,0.3931010634455533
R105,0.0581716542560633
R106,0.17810077945511305
R107,0.1729517164003552
R108,0.039480778906688434
R109,0.18683114035165002
R110,0.0731179827092997
R111,0.19258308414558592
R112,0.0214664666558025
R113,0.017473650904628088
R114,0.22832271218441152
R115,0.0039326278924789095
R116,0.13014806003497356
R117,0.012525928755040975
R118,0.001573184671990695
R119,0.15807180792343772
R120,0.143460109963673
R121,0.3014885905199999
R122,0.17079093582796373
R123,0.23814642417066334
R124,0.036539260219277045
R125,0.10695084107673454
R126,0.1463995702199817
R127,0.1306690085690499
R128,0.012395968225562722
R129,0.22711917569204637
R130,0.14183266335619316
R131,0.08597059999058589
R132,0.1061981926109477
R133,0.004661889755829424
R134,0.23839369214007286
R135,0.002855065865791563
R136,0.05672092380120491
R137,0.17411975255720397
R138,0.19798322746398134
R139,0.1482410795266402
R140,0.10125650371245733
R141,0.16624930042906
R142,0.0022919693981776922
R143,0.018462359956268364
R144,0.01648982670092363
R145,0.009805705949350693
R146,0.2869706057372752
R147,0.11254577237668517
R148,0.18562770280656574
R149,0.14934122439504258
R150,0.16470948673401922
R151,0.12089989168640723
R152,0.18128402807894242
R153,0.021532317355732834
R154,0.19383817126160846
R155,0.062483694548193656
R156,0.19485514035708532
R157,0.05677176889290145
R158,0.022606424704956114
R159,0.002753955982919209
R160,0.2365163053968469
R161,0.12792370526832558
R162,0.1680803044481185
R163,0.19157254035746937
R164,0.0008642570565346149
R165,0.126788929898534
R166,0.10432869546473872
R167,0.15437322041087134
R168,0.11673371637258918
R169,0.1838027884264448
R170,0.19394009858789882
R171,0.23763676996606406
R172,0.10184956018384347
R173,0.1903088559275585
R174,0.00170796061945679
R175,0.01798034622709802
R176,0.11224641871986568
R177,0.1164489261835613
R178,0.002096274257966962
R179,0.0522357709025439
R180,0.09938508901471592
R181,0.12222237134260519
R182,0.05454863165513854
R183,0.014718253077819517
R184,0.09715513355809806
R185,0.11333955698186525
R186,0.21562504208324712
R187,0.05270625330102465
R188,0.08626776945136319
R189,0.0023792080971361783
R190,0.15504803871947742
R191,0.012059753165595245
R192,0.0043837658930367136
R193,0.03362678899524663
R194,0.14147801625537723
R195,0.07718106082387141
R196,0.1412809520967285
R197,0.1990736973490533
R198,0.025540580121848646
R199,0.09758071846820757
R200,0.10713823352565723
R201,0.0016690035829313877
R202,0.09562392277524988
R203,0.05165316004558401
R204,0.17028727748910277
R205,0.017930246889200238
R206,0.001915228705153209
R207,0.1696554727593235
R208,0.0019423919615007951
R209,0.037380785085994364
R210,0.07881836289478711
R211,0.00217878398685182
R212,0.2628699194410903
R213,0.04588395930004779
R214,0.10277867005866623
R215,0.019188470090350657
R216,0.13211681497268238
R217,0.019833516550110293
R218,0.15594859982329837
R219,0.15360051358820492
R220,0.0034042495025922406
R221,0.1050531116229565
R222,0.2686211617301553
R223,0.0039044472884380106
R224,0.2151355078747082
R225,0.11063951612416224
R226,0.16265696159231288
R227,0.0033171786013633116
R228,0.06603937051836398
R229,0.0049525956404551374
R230,0.08505607873346001
R231,0.06780895736419933
R232,0.020396948844469888
R233,0.2497951435710525
R234,0.13024380406299138
R235,0.007617307233148219
R236,0.00198200731123068
R237,0.091506304019303
R238,0.046459790144959434
R239,0.07487457626649258
R240,0.2615611575391208
R241,0.12558947430628858
R242,0.018209494388952776
R243,0.008812501178524878
R244,0.19161519188126022
R245,0.0939165130962693
R246,0.23558986563525997
R247,0.06276828260533765
R248,0.0027491550078570415
R249,0.11719854652038678
R250,0.18214518627266071
R251,0.03934926316990392
R252,0.009235698880216773
R253,0.14096771019129256
R254,0.0837262020109939
R255,0.21074322946772825
R256,0.16033045935851245
R257,0.0015546596381510083
R258,0.05797737087423662
R259,0.0462403777677938
R260,0.0003478782958332273
R261,0.14688102083687454
R262,0.12853090264375328
R263,0.0034985935982991085
R264,0.09877253281882445
R265,0.15580924819686764
R266,0.06971033533519287
R267,0.040325321466486284
R268,0.0023871784695640164
R269,0.13687178500383732
R270,0.20061307723996472
R271,0.03811696747540627
R272,0.0060577575347809725
R273,0.02639655928152793
R274,0.2540221146024339
R275,0.25539618794771374
R276,0.003389621902646402
R277,0.003190556986287401
R278,0.12042386606858532
R279,0.00109900316672413
R280,0.040980556851069466
R281,0.00028386871055685034
R282,0.15946893526414968
R283,0.16009982597811406
R284,0.06970497003321395
R285,0.32297612704028134
R286,0.16028768037271274
R287,0.31565598321788296
R288,0.053051812967520116
R289,0.169021038096468
R290,0.24430979885340212
R291,0.038719010344813454
R292,0.02167472337110225
R293,0.17877710912781017
R294,0.10020648055471648
R295,0.22444958368256362
R296,0.17182987763086277
R297,0.01750556483139537
R298,0.002096274257966962
R299,0.049282053343525076
R300,0.03018775796664213
R301,0.003819136178769022
R302,0.13968189751634427
R303,0.008258423623680998
R304,0.030100414406210793
R305,0.315274888797265
R306,0.0010145107465043158
R307,0.03299214263173777
R308,0.0017989346931382175
R309,0.18340250057400598
R310,0.032190732119534715
R311,0.2624784901628514
R312,0.04036101339139519
R313,0.1396163612488964
R314,0.1810630269406041
R315,0.15353032961460933
R316,0.20233042559107753
R317,0.18083988721811345
R318,0.1774141838606071
R319,0.008385590697620517
R320,0.24070367399241394
R321,0.1813431459391848
R322,0.10853361035441499
R323,0.07401747859527928
R324,0.23851565662918106
R325,0.12082617580679486
R326,0.349281197718612
R327,0.23863422332991766
R328,0.17060350432301802
R329,0.006459035403326674
R330,0.023498874378358466
