id,title,year,field,split,s_m,s_t,s_mt,s_mn,s_tn,s_mtn,S
R0,An Empirical Analysis of Search in GSAT,0,ALL,recent,0.453525735129772,0.0,-20.72326583694641,0.5330336967906669,2.5631257517603564e-16,3.207098136765695e-16,0.42642695743253456
R1,Substructure Discovery Using Minimum Description Length and Background Knowledge,0,ALL,recent,0.6196774313756143,0.6217976422207566,-20.72326583694641,0.7283135806380948,0.7177591861319887,3.207098136765695e-16,1.1568582134160676
R2,Bias-Driven Revision of Logical Domain Theories,0,ALL,recent,0.8108094522048328,0.8218548043996871,-20.72326583694641,0.9529531098778571,0.948691013715929,3.207098136765695e-16,1.5213152988750298
R3,Wrap-Up: a Trainable Discourse Module for Information Extraction,0,ALL,recent,0.5254481357595471,0.6096872612148356,-14.379723991105308,0.6175648713639876,0.703779819495098,0.28632143023077905,1.7728793282642163
R4,Cost-Sensitive Classification: Empirical Evaluation of a Hybrid Genetic Decision Tree Induction Algorithm,0,ALL,recent,0.7013537300032906,0.5190346396686115,-12.968905137312982,0.8243086169180787,0.5991368497511755,0.3500000000000002,2.013756373335404
R5,FLECS: Planning with a Flexible Commitment Strategy,0,ALL,recent,0.0,0.7201818824179054,-4.539677580932347,2.609714233344349e-16,0.8313269891875184,0.7304607186860277,2.491213388065084
R6,Induction of First-Order Decision Lists: Results on Learning the Past Tense of English Verbs,0,ALL,recent,0.5060364182219064,0.7921166530106367,-20.72326583694641,0.5947500700006557,0.9143633966766599,3.207098136765695e-16,1.2072907733418534
R7,Building and Refining Abstract Planning Cases by Change of Representation Language,0,ALL,recent,0.6827556291044385,0.6850663602709403,-20.72326583694641,0.8024500679813479,0.7907921159660835,3.207098136765695e-16,1.274593747157946
R8,OPUS: An Efficient Admissible Algorithm for Unordered Search,0,ALL,recent,0.5251245665802076,0.0,-20.72326583694641,0.6171845770113827,2.5631257517603564e-16,3.207098136765695e-16,0.4937476616091072
R9,Translating between Horn Representations and their Characteristic Models,0,ALL,recent,0.6484343843618705,0.7550520662768023,-20.72326583694641,0.7621119381983632,0.871578661254729,3.207098136765695e-16,1.3069524795624747
R10,A Formal Framework for Speedup Learning from Problems and Solutions,0,ALL,recent,0.7109509231275142,0.6336330270648906,-20.72326583694641,0.8355883016935304,0.7314211166644762,3.207098136765695e-16,1.2536075346864062
R11,Cue Phrase Classification Using Machine Learning,0,ALL,recent,0.5358756894591632,0.6406672465190602,-15.184436765779674,0.6298204878956475,0.7395409217066221,0.25000000000000033,1.7204891276818166
R12,MUSE CSP: An Extension to the Constraint Satisfaction Problem,0,ALL,recent,0.6365302280914762,0.8339128256326921,-18.288013811258203,0.7481208547107493,0.9626099399370922,0.10991727648562535,1.6433778269323367
R13,Exploiting Causal Independence in Bayesian Network Inference,0,ALL,recent,0.1673526161379888,0.0,-20.72326583694641,0.1966913379724673,2.5631257517603564e-16,3.207098136765695e-16,0.15735307037797486
R14,Flaw Selection Strategies for Partial-Order Planning,0,ALL,recent,0.6870840944162074,0.4857068120352671,-20.723265836946418,0.8075373600308324,0.5606655645397663,0.0,1.0945623396564792
R15,Cached Sufficient Statistics for Efficient Machine Learning with Large Datasets,0,ALL,recent,0.6413345066314029,0.686407565822581,-20.723265836946414,0.7537673751883942,0.7923403087217575,1.6035490683828475e-16,1.2368861471281218
R16,Model-Based Diagnosis using Structured System Descriptions,0,ALL,recent,0.6859554923418558,0.8152544929751112,-20.72326583694641,0.8062109018184332,0.941072081390291,3.207098136765695e-16,1.3978263865669804
R17,A reusable iterative optimization software library to solve combinatorial problems with approximate reasoning,0,ALL,recent,0.7602459196535385,0.6261264817276829,-20.72326583694641,0.893525243737252,0.7227560920550966,3.207098136765695e-16,1.29302506863388
R18,Iterative Deepening Branch and Bound,0,ALL,recent,0.6194355902288362,0.6026524235467919,-20.72326583694641,0.7280293421252212,0.6956593008306142,3.207098136765695e-16,1.1389509143646692
R19,On the accuracy and running time of GSAT,0,ALL,recent,0.6818588932654088,0.6162329042442692,-14.491295380413757,0.80139612466061,0.7113356464949193,0.28128555586659026,1.9133993065908992
R20,ACLP: Integrating Abduction and Constraint Solving,0,ALL,recent,0.2147123773497276,0.8046690122657225,-14.491295380413757,0.25235377704131734,0.9288529517203055,0.28128555586659026,1.648179272675774
R21,Probabilistic Default Reasoning with Conditional Constraints,0,ALL,recent,0.3104996392656487,0.7872092444244243,-18.85208292420251,0.3649335809412869,0.9086986315606699,0.08445751298251156,1.2300495524578443
R22,Planning with Incomplete Information,0,ALL,recent,0.5679895418858808,0.748438066404654,-20.72326583694641,0.6675642456391967,0.8639439279541083,3.207098136765695e-16,1.225206538874645
R23,SATEN: An Object-Oriented Web-Based Revision and Extraction Engine,0,ALL,recent,0.4560136025387693,0.6110843757318039,-20.72326583694641,0.5359577142375785,0.7053925496030007,3.207098136765695e-16,0.9930802110724642
R24,DATALOG with constraints - an answer-set programming system,0,ALL,recent,0.13049059647906325,0.7387443946743586,-11.934403951077673,0.15336700797751115,0.8527542394456123,0.3966931355410738,1.7966298367911833
R25,Brainstorm/J: a Java Framework for Intelligent Agents,0,ALL,recent,0.6547871327837984,0.5799790584627086,-20.72326583694641,0.7695783920593604,0.6694867730424703,3.207098136765695e-16,1.1512521320814655
R26,Searching for Plannable Domains can Speed up Reinforcement Learning,0,ALL,recent,0.011375143011406186,0.8213576293450672,-15.184436765779676,0.01336932848839881,0.9481171100238941,0.2500000000000002,1.394189150809835
R27,A Framework for Searching AND/OR Graphs with Cycles,0,ALL,recent,0.5383507173537089,0.8108434667329685,-20.72326583694641,0.6327294149224946,0.9359803049173864,3.207098136765695e-16,1.2549677758719058
R28,Pruning Isomorphic Structural Sub-problems in Configuration,0,ALL,recent,0.6969395279297464,0.5937287931405115,-20.72326583694641,0.8191205575261039,0.6853584935215371,3.207098136765695e-16,1.203583240838114
R29,"Probabilistic Reasoning as Information Compression by Multiple Alignment, Unification and Search: An Introduction and Overview",0,ALL,recent,0.7558944885993539,0.7180165568466372,-20.72326583694641,0.8884109598025641,0.8288274906140058,3.207098136765695e-16,1.3737907603332569
R30,Parametric Connectives in Disjunctive Logic Programming,0,ALL,recent,0.598247032429316,0.8593260328934971,-20.72326583694641,0.7031262012035506,0.9919451476026803,3.207098136765695e-16,1.3560570790449855
R31,Logic-Based Specification Languages for Intelligent Software Agents,0,ALL,recent,0.5007174372757399,0.7042587436748797,-20.723265836946414,0.5884986142236579,0.8129464448933295,1.6035490683828475e-16,1.1211560472935904
R32,Modeling Object Oriented Constraint Programs in Z,0,ALL,recent,0.261649503753279,0.840352945850967,-8.33774129505928,0.30751948885358493,0.9700439588728218,0.5590317187418715,2.419630055035804
R33,Data Mining Approach for Analyzing Call Center Performance,0,ALL,recent,0.8087645463522668,0.61368566964821,-20.72326583694641,0.9505497099343672,0.7083952991754523,3.207098136765695e-16,1.3271560072878565
R34,A Concurrent Fuzzy-Neural Network Approach for Decision Support Systems,0,ALL,recent,0.4009539696104525,0.6068138973579462,-20.72326583694641,0.4712455327440189,0.7004630116409927,3.207098136765695e-16,0.9373668355080101
R35,Business Intelligence from Web Usage Mining,0,ALL,recent,0.6088195993232937,0.5174445522461442,-20.72326583694641,0.7155522533093941,0.5973013653801627,3.207098136765695e-16,1.0502828949516463
R36,Regression with respect to sensing actions and partial states,0,ALL,recent,0.5494769812695867,0.7275124517380043,-12.63147170893938,0.645806233120809,0.8397888795386727,0.365230359343014,2.1015519884851206
R37,Decomposition Based Search - A theoretical and experimental evaluation,0,ALL,recent,0.6016029416389965,0.8025481860690161,-20.72326583694641,0.7070704375578956,0.9264048200750347,3.207098136765695e-16,1.3067802061063452
R38,Proportional Conflict Redistribution Rules for Information Fusion,0,ALL,recent,0.30927127868544213,0.225927494831064,-9.645607694612943,0.3634898754790774,0.26079470844505315,0.5000000000000001,1.7494276671393045
R39,Planning with Preferences using Logic Programming,0,ALL,recent,0.0,0.7921441453820555,-4.539677580932347,2.609714233344349e-16,0.914395131924262,0.7304607186860277,2.5576679022544795
R40,K-Histograms: An Efficient Clustering Algorithm for Categorical Dataset,0,ALL,recent,0.0,0.6111161477157546,-7.343036510100678,2.609714233344349e-16,0.7054292249323906,0.6039286081465608,2.0741649003123146
R41,"An efficient memetic, permutation-based evolutionary algorithm for real-world train timetabling",0,ALL,recent,0.6639766367445294,0.7849387106753538,-20.72326583694641,0.7803789153559255,0.906077688113542,3.207098136765695e-16,1.349165282775575
R42,Evolution of Voronoi based Fuzzy Recurrent Controllers,0,ALL,recent,0.5817237067333101,0.7547326116105337,-15.18443676577968,0.6837061579804289,0.8712099053996117,0.25000000000000006,1.8689328507040326
R43,Processing Uncertainty and Indeterminacy in Information Systems success mapping,0,ALL,recent,0.6501799485528098,0.5643625738054325,-20.72326583694641,0.7641635186525915,0.6514602085192975,3.207098136765695e-16,1.1324989817375122
R44,Truecluster: robust scalable clustering with model selection,0,ALL,recent,0.0,0.7162111070229928,-7.343036510100678,2.609714233344349e-16,0.8267434071308443,0.6039286081465608,2.1712162460710775
R45,Divide-and-Evolve: a New Memetic Scheme for Domain-Independent Temporal Planning,0,ALL,recent,0.46053884843888904,0.6850814957861757,-20.72326583694641,0.5412762846387431,0.79080958733355,3.207098136765695e-16,1.0656686975778356
R46,Approximation Algorithms for K-Modes Clustering,0,ALL,recent,0.12377888101091483,0.7775305482459547,-14.033151173523544,0.14547865626849388,0.8975262297692028,0.3019643040732805,1.5893146690133586
R47,Retraction and Generalized Extension of Computing with Words,0,ALL,recent,0.6823766429299133,0.6110843757318039,-20.72326583694641,0.8020046414355269,0.7053925496030007,3.207098136765695e-16,1.205917752830823
R48,Fusion of qualitative beliefs using DSmT,0,ALL,recent,0.6668862356261716,0.3843839067301007,-20.72326583694641,0.7837985983593959,0.44370557448797865,3.207098136765695e-16,0.9820033382779004
R49,Decentralized Failure Diagnosis of Stochastic Discrete Event Systems,0,ALL,recent,0.6252031291431275,0.6917705409134907,-20.72326583694641,0.7348079929287727,0.7985309475648859,3.207098136765695e-16,1.2266711523949279
R50,Structure and Problem Hardness: Goal Asymmetry and DPLL Proofs in<br> SAT-Based Planning,0,ALL,recent,0.4006092935064022,0.0,-5.178159738867131,0.4708404311947435,2.5631257517603564e-16,0.7016422558967306,2.1307779846976214
R51,Case Base Mining for Adaptation Knowledge Acquisition,0,ALL,recent,0.42266017787045373,0.5923365876483488,-20.72326583694641,0.49675707384504575,0.6837514300443996,3.207098136765695e-16,0.9444068031115571
R52,Fuzzy Artmap and Neural Network Approach to Online Processing of Inputs with Missing Values,0,ALL,recent,0.6049898196800069,0.6954909912988192,-13.059157236445376,0.711051071914317,0.8028255721489878,0.34592639085026966,2.0759172923763183
R53,On-Line Condition Monitoring using Computational Intelligence,0,ALL,recent,0.6530612542942624,0.7096320985028766,-20.72326583694641,0.7675499484226931,0.8191490653702532,3.207098136765695e-16,1.2693592110343581
R54,The Road to Quantum Artificial Intelligence,0,ALL,recent,0.6660206175272806,0.6012362281058526,-14.635135772725882,0.7827812280548668,0.6940245450546643,0.27479319121406337,1.8684275965227835
R55,Qualitative Belief Conditioning Rules (QBCR),0,ALL,recent,0.41586955758623134,0.8318180217071011,-20.72326583694641,0.4887759844531394,0.96019184655969,3.207098136765695e-16,1.1591742648102645
R56,Fitness landscape of the cellular automata majority problem: View from the Olympus,0,ALL,recent,0.6934366897306445,0.6022895057631417,-20.72326583694641,0.8150036339429414,0.6952403742291956,3.207098136765695e-16,1.2081952065377104
R57,Lagrangian Relaxation for MAP Estimation in Graphical Models,0,ALL,recent,0.6701505701043114,0.7362879790421305,-20.72326583694641,0.7876352059423068,0.8499187271096489,3.207098136765695e-16,1.3100431464415656
R58,Decomposition During Search for Propagation-Based Constraint Solvers,0,ALL,recent,0.6740240991994131,0.7975821537785361,-20.72326583694641,0.7921878065408097,0.9206723839043381,3.207098136765695e-16,1.3702881523561192
R59,Bin Packing Under Multiple Objectives - a Heuristic Approximation Approach,0,ALL,recent,0.0,0.7782149754083272,-9.645607694612941,2.609714233344349e-16,0.8983162840403587,0.5000000000000001,1.9686530272322873
R60,Extended ASP tableaux and rule redundancy in normal logic programs,0,ALL,recent,0.13227244077848344,0.7696290505267153,-14.288563470274266,0.15546122883523944,0.8884053000855043,0.29043604180570526,1.5611833276508582
R61,Classification dynamique d'un flux documentaire : une évaluation statique préalable de l'algorithme GERMEN,0,ALL,recent,0.519593462018118,0.7135104759530205,-20.72326583694641,0.6106838100566194,0.823625989779593,3.207098136765695e-16,1.147447839868971
R62,Learning DTW Global Constraint for Time Series Classification,0,ALL,recent,0.0,0.6882201905415427,-8.063085102851018,2.609714233344349e-16,0.7944326743962205,0.5714285714285715,2.064117568088405
R63,A Novel Two-Stage Dynamic Decision Support based Optimal Threat Evaluation and Defensive Resource Scheduling Algorithm for Multi Air-borne threats,0,ALL,recent,0.5367758397795375,0.7225758516213383,-20.72326583694641,0.6308784442932025,0.8340904177861604,3.207098136765695e-16,1.1719750896634913
R64,Reasoning about Cardinal Directions between Extended Objects,0,ALL,recent,0.5728067406936181,0.5535034096103812,-3.1338273335417703,0.6732259514472014,0.6389251580053131,0.7939150259650226,3.0345084524745682
R65,A Local Search Modeling for Constrained Optimum Paths Problems (Extended Abstract),0,ALL,recent,0.6579407727399676,0.8577318804890441,-20.72326583694641,0.7732848991745579,0.9901049709041905,3.207098136765695e-16,1.4107118960629996
R66,Finite element model selection using Particle Swarm Optimization,0,ALL,recent,0.6456358908731463,0.5706496195557289,-15.184436765779676,0.75882283856367,0.6587175291241016,0.2500000000000002,1.759032294150218
R67,$α$-Discounting Multi-Criteria Decision Making ($α$-D MCDM),0,ALL,recent,0.49579243149426844,0.7773765269841506,-20.72326583694641,0.5827102017145817,0.897348438526501,3.207098136765695e-16,1.1840469121928672
R68,Model-Driven Constraint Programming,0,ALL,recent,0.48983495591124726,0.6238140427419914,-20.72326583694641,0.5757083162920283,0.7200867761689477,3.207098136765695e-16,1.0366360739687817
R69,A new model for solution of complex distributed constrained problems,0,ALL,recent,0.5274093149337096,0.8167591172874986,-20.72326583694641,0.619869866437693,0.9428089131962729,3.207098136765695e-16,1.2501430237071738
R70,Terrorism Event Classification Using Fuzzy Inference Systems,0,ALL,recent,0.6192041877746518,0.8217593000191761,-16.79966663828542,0.7277573723205418,0.9485807702190531,0.1770951562256147,1.7838084045957128
R71,Online Cake Cutting,0,ALL,recent,0.6969395279297464,0.7291958814806658,-20.72326583694641,0.8191205575261039,0.8417321116771667,3.207098136765695e-16,1.3286821353626175
R72,Logic-Based Decision Support for Strategic Environmental Assessment,0,ALL,recent,0.8269884011682745,0.572033263446741,-20.72326583694641,0.9719684034062458,0.6603147096948777,3.207098136765695e-16,1.3058264904808998
R73,AI 3D Cybug Gaming,0,ALL,recent,0.6335662585496346,0.7001362856602343,-20.72326583694641,0.7446372692828778,0.8081877711568268,3.207098136765695e-16,1.2422600323517647
R74,General Scaled Support Vector Machines,0,ALL,recent,0.5328289419189638,0.6565220083023124,-7.94975150277802,0.6262396125918994,0.757842536478303,0.5765439847504491,2.548625681132285
R75,Introduction to the iDian,0,ALL,recent,0.5025210379425705,0.795764776504938,-20.72326583694641,0.5906184055750786,0.9185745322171981,3.207098136765695e-16,1.2073543502338224
R76,Prunnig Algorithm of Generation a Minimal Set of Rule Reducts Based on Rough Set Theory,0,ALL,recent,0.6589430734266459,0.8139180930550551,-20.72326583694641,0.7744629140013528,0.9395294359155664,3.207098136765695e-16,1.3711938799335364
R77,Significance of Classification Techniques in Prediction of Learning Disabilities,0,ALL,recent,0.7204534137190142,0.7889773263223363,-20.72326583694641,0.8467566815590223,0.9107395801553406,3.207098136765695e-16,1.4059970093714913
R78,URSA: A System for Uniform Reduction to SAT,0,ALL,recent,0.4024841404559053,0.7440081823417546,-14.033151173523544,0.4730439590719971,0.8588303833477154,0.3019643040732805,1.8204102341189714
R79,SAPFOCS: a metaheuristic based approach to part family formation problems in group technology,0,ALL,recent,0.7404981600603266,0.6955208521526968,-18.507734208479718,0.8703154885151121,0.8028600414050946,0.10000000000000023,1.5885404239361658
R80,Evolving Genes to Balance a Pole,0,ALL,recent,0.5923365876483488,0.800574891280873,-20.72326583694641,0.6961795915908138,0.9241269882452491,3.207098136765695e-16,1.296245263868851
R81,Growing a Tree in the Forest: Constructing Folksonomies by Integrating Structured Metadata,0,ALL,recent,0.5380023729792403,0.7153565393442749,-20.72326583694641,0.6323200020153613,0.8257569546904963,3.207098136765695e-16,1.166461565364687
R82,A general approach to belief change in answer set programming,0,ALL,recent,0.5151420648042385,0.6914379580613305,-17.030713122835255,0.6054520348143195,0.7981470374612138,0.16666666666666688,1.539545924487094
R83,Learning Efficient Disambiguation,0,ALL,recent,0.5980430690614251,0.7755375707938834,-20.723265836946414,0.702886480853468,0.8952256776653559,1.6035490683828475e-16,1.2784897268150597
R84,Resolving Part-of-Speech Ambiguity in the Greek Language Using Learning Techniques,0,ALL,recent,0.850838770344909,0.818951884386343,-20.72326583694641,1.0,0.9453400883268547,3.207098136765695e-16,1.5562720706614848
R85,Implementing Integrity Constraints in an Existing Belief Revision System,0,ALL,recent,0.41586955758623134,0.7129316663010659,-20.72326583694641,0.4887759844531394,0.8229578528866506,3.207098136765695e-16,1.049387069871833
R86,Reasoning with Axioms: Theory and Pratice,0,ALL,recent,0.5773918969310852,0.7430510348841122,-20.72326583694641,0.6786149351151745,0.8577255200713735,3.207098136765695e-16,1.2290723641492391
R87,Semantic Parsing based on Verbal Subcategorization,0,ALL,recent,0.39264617272614577,0.6188336422647518,-6.091942717730888,0.46148128930111737,0.7143377543804641,0.6603978445273402,2.591649846263616
R88,Boosting Applied to Word Sense Disambiguation,0,ALL,recent,0.5858411829238359,0.41450102953341406,-18.507734208479718,0.6885454722360036,0.4784706493035385,0.10000000000000023,1.1836128972316344
R89,Naive Bayes and Exemplar-Based approaches to Word Sense Disambiguation Revisited,0,ALL,recent,0.5858411829238359,0.4709210181695038,-15.011151902367299,0.6885454722360036,0.5435978906684046,0.2578213671692111,1.6302681082465544
R90,Coaxing Confidences from an Old Friend: Probabilistic Classifications from Transformation Rule Lists,0,ALL,recent,0.42411367610401096,0.7284546503679539,-20.72326583694641,0.49846538602382434,0.8408764869464331,3.207098136765695e-16,1.0714734983762069
R91,Stacking classifiers for anti-spam filtering of e-mail,0,ALL,recent,0.6772737115885334,0.6151290005181522,-20.72326583694641,0.7960071110934255,0.7100613781699446,3.207098136765695e-16,1.204854791410697
R92,Propositional satisfiability in answer-set programming,0,ALL,recent,0.7620965879360071,0.5971270064286787,-17.82914123202589,0.8957003541658921,0.689281150409245,0.13062890042889921,1.5945574547323575
R93,aspps --- an implementation of answer-set programming with propositional schemata,0,ALL,recent,0.6920886377550675,0.6587958167376506,-20.72326583694641,0.8134192538905014,0.7604672599914696,3.207098136765695e-16,1.259109211105578
R94,A Logic Programming Approach to Knowledge-State Planning: Semantics and Complexity,0,ALL,recent,0.23687060400139126,0.6916461787537511,-16.568618865924645,0.2783965802420709,0.7983873926902783,0.18752370391106013,1.3302364381235297
R95,Computing Preferred Answer Sets by Meta-Interpretation in Answer Set Programming,0,ALL,recent,0.1838484184052589,0.5854731066893912,-12.307133794274948,0.21607903261240843,0.6758287134359233,0.3798696409717261,1.6632002992679809
R96,"The Mysterious Optimality of Naive Bayes: Estimation of the Probability in the System of ""Classifiers""",0,ALL,recent,0.6687735992516275,0.6031616879472457,-8.952468240963437,0.786016837221138,0.6962471596077723,0.5312854686768435,2.5140248691552367
R97,Robust Global Localization Using Clustered Particle Filtering,0,ALL,recent,0.7239792984065211,0.6466839776567997,-20.72326583694641,0.8509006919290218,0.7464862102560852,3.207098136765695e-16,1.2779095217480867
R98,Relational Association Rules: getting WARMeR,0,ALL,recent,0.7472566524767374,0.6151290005181522,-20.72326583694641,0.8782588176768416,0.7100613781699446,3.207098136765695e-16,1.27065615667743
R99,A Polynomial Translation of Logic Programs with Nested Expressions into Disjunctive Logic Programs: Preliminary Report,0,ALL,recent,0.578942266647087,0.6575065875089139,-20.72326583694641,0.6804371013939553,0.7589790650239706,3.207098136765695e-16,1.1515329331343418
R100,Offline Specialisation in Prolog Using a Hand-Written Compiler Generator,0,ALL,recent,0.7974234088832584,0.7796574044964721,-20.72326583694641,0.9372203485273746,0.8999813220817742,3.207098136765695e-16,1.4697613364873199
R101,Approximate Grammar for Information Extraction,0,ALL,recent,0.2957482408098375,0.7278703808794516,-9.645607694612941,0.34759610294903304,0.8402020476046379,0.5000000000000001,2.200238520442937
R102,Conflict-based Force Aggregation,0,ALL,recent,0.5311016956486208,0.7935073010808055,-13.784838473528122,0.6242095613876708,0.9159686623760849,0.31317211969662473,2.0150728782525666
R103,Bounded LTL Model Checking with Stable Models,0,ALL,recent,0.520656477853273,0.4318517974366928,-20.72326583694641,0.6119331840534392,0.49849914764995223,3.207098136765695e-16,0.888345865362714
R104,"'Computing' as Information Compression by Multiple Alignment, Unification and Search",0,ALL,recent,0.695774306971285,0.7989012135126258,-18.230477654333345,0.8177510607435476,0.9221950130957552,0.11251422234663645,1.6732424149380336
R105,"Syntax, Parsing and Production of Natural Language in a Framework of Information Compression by Multiple Alignment, Unification and Search",0,ALL,recent,0.3519180937135832,0.833790804244372,-17.03071312283526,0.4136131379755114,0.9624690870833269,0.1666666666666667,1.5175324467137374
R106,Learning in Multiagent Systems: An Introduction from a Game-Theoretic Perspective,0,ALL,recent,0.7722188388818281,0.6249788648108874,-20.72326583694641,0.9075971450722559,0.7214313643169075,3.207098136765695e-16,1.3032228075113315
R107,Abduction in Well-Founded Semantics and Generalized Stable Models,0,ALL,recent,0.6632841206776967,0.7861341108168789,-17.953851301363045,0.7795649937400217,0.9074575734241693,0.1250000000000002,1.6621180537313534
R108,Intelligent search strategies based on adaptive Constraint Handling Rules,0,ALL,recent,0.3323408527014813,0.7945294889780852,-14.635135772725883,0.3906037950841834,0.9171486037322552,0.2747931912140633,1.733184897088309
R109,A FP-Tree Based Approach for Mining All Strongly Correlated Pairs without Candidate Generation,0,ALL,recent,0.6689161073891523,0.7682117259133769,-20.72326583694641,0.7861843285749547,0.886769240872862,3.207098136765695e-16,1.3383628555582545
R110,ANTIDS: Self-Organized Ant-based Clustering Model for Intrusion Detection System,0,ALL,recent,0.36481322581410836,0.7191765561759261,-15.328736418275057,0.42876892606365624,0.8301665117327262,0.2434869062286761,1.6158656158087963
R111,Self-Organized Stigmergic Document Maps: Environment as a Mechanism for Context Learning,0,ALL,recent,0.606565302465719,0.6068138973579462,-19.615500022713064,0.7129027538552722,0.7004630116409927,0.05000000000000027,1.2556926123970127
R112,Map Segmentation by Colour Cube Genetic K-Mean Clustering,0,ALL,recent,0.2608424132899003,0.7248242335710016,-14.464859603237175,0.3065709067114577,0.8366857907640001,0.28247875829425667,1.620802253716008
R113,Image Colour Segmentation by Genetic Algorithms,0,ALL,recent,0.3192725869802764,0.7222453055465935,-13.776395044862285,0.37524452118096513,0.8337088587941698,0.31355322139507713,1.751045757467801
R114,A Suffix Tree Approach to Email Filtering,0,ALL,recent,0.8459993012864673,0.6031616879472457,-20.72326583694641,0.9943121197257151,0.6962471596077723,3.207098136765695e-16,1.3524474234667907
R115,Componentwise Least Squares Support Vector Machines,0,ALL,recent,0.31648095296593515,0.6868213050702552,-7.101823406860558,0.37196348356063014,0.7928179000240031,0.6148159771256738,2.468865049681891
R116,A Unified Subspace Outlier Ensemble Framework for Outlier Detection in High Dimensional Spaces,0,ALL,recent,0.5569441085995211,0.7919792054130348,-17.030713122835255,0.6545824285531204,0.9142047368987967,0.16666666666666688,1.6716963990282008
R117,A Fast Greedy Algorithm for Outlier Mining,0,ALL,recent,0.5218596621866785,0.0,-15.184436765779676,0.613347299600757,2.5631257517603564e-16,0.2500000000000002,1.1156778396806064
R118,K-ANMI: A Mutual Information Based Clustering Algorithm for Categorical Data,0,ALL,recent,0.0,0.5903781713438117,-7.343036510100678,2.609714233344349e-16,0.6814907728829607,0.6039286081465608,2.055014138672771
R119,Probabilistic Automata for Computing with Words,0,ALL,recent,0.6745424080958137,0.7020373011032075,-20.72326583694641,0.7927969805870164,0.8103821688266211,3.207098136765695e-16,1.282543319530911
R120,An application-oriented terminology evaluation: the case of back-of-the book indexes,0,ALL,recent,0.681567112380415,0.6068138973579462,-20.72326583694641,0.8010531914338185,0.7004630116409927,3.207098136765695e-16,1.20121296245985
R121,Universal Algorithmic Intelligence: A mathematical top->down approach,0,ALL,recent,0.5501588630566467,0.7677711017802207,-18.507734208479715,0.6466076561527938,0.8862606155617804,0.10000000000000038,1.4762946173716602
R122,Multimodal Meaning Representation for Generic Dialogue Systems Architectures,0,ALL,recent,0.5989205692646906,0.818948722583564,-20.72326583694641,0.7039178163236534,0.9453364385655252,3.207098136765695e-16,1.3194034039113438
R123,Improving ecological niche models by data mining large environmental datasets for surrogate models,0,ALL,recent,0.7602786471486432,0.7624639232108922,-20.72326583694641,0.8935637087158653,0.8801343842737789,3.207098136765695e-16,1.4189584743917165
R124,Introduction to Arabic Speech Recognition Using CMUSphinx System,0,ALL,recent,0.47777677799101437,0.0,-18.18584909860997,0.5615362094951734,2.5631257517603564e-16,0.11452857209231174,0.7355503978269182
R125,Arabic Speech Recognition System using CMU-Sphinx4,0,ALL,recent,0.4371168414535378,0.6908123375866135,-17.55149491402586,0.5137481467568075,0.7974248654678359,0.14316071511538966,1.4068401975681888
R126,Clustering with Lattices in the Analysis of Graph Patterns,0,ALL,recent,0.612625193174145,0.7202734085636208,-20.72326583694641,0.7200250088812972,0.8314326404917334,3.207098136765695e-16,1.2411661194984254
R127,Multi-Dimensional Recurrent Neural Networks,0,ALL,recent,0.37881849527716294,0.7132111219215796,-17.030713122835255,0.44522947058888657,0.8232804366745587,0.16666666666666688,1.4314745924774235
R128,Condition Monitoring of HV Bushings in the Presence of Missing Data Using Evolutionary Computing,0,ALL,recent,0.426987847885238,0.6719585326147409,-6.33147408003866,0.5018434311733913,0.7756613675173272,0.6495863824281264,2.6459697950228906
R129,On complexity of optimized crossover for binary representations,0,ALL,recent,0.756403052865747,0.7821058708599311,-20.72326583694641,0.8890086808798334,0.9028076583445352,3.207098136765695e-16,1.433453071379496
R130,Virtual Sensor Based Fault Detection and Classification on a Plasma Etch Reactor,0,ALL,recent,0.5602407518358652,0.8350938392163442,-20.72326583694641,0.6584570089686411,0.9639732184236195,3.207098136765695e-16,1.2979441819138096
R131,Learning Probabilistic Models of Word Sense Disambiguation,0,ALL,recent,0.6001917989158643,0.4781135291563352,-20.72326583694641,0.7054119062681657,0.5519004162516724,3.207098136765695e-16,1.0058498580158715
R132,Classification of Images Using Support Vector Machines,0,ALL,recent,0.5790449402395808,0.6335537682214183,-20.72326583694641,0.6805577747765894,0.7313296258656671,3.207098136765695e-16,1.1295099205138062
R133,A Recommender System based on the Immune Network,0,ALL,recent,0.2987688829357015,0.0,-13.107113924174262,0.35114629627724664,2.5631257517603564e-16,0.34376182289228135,1.140321594252501
R134,Movie Recommendation Systems Using An Artificial Immune System,0,ALL,recent,0.7814884739611544,0.7297432002255929,-20.72326583694641,0.9184918473383133,0.8423638976960242,3.207098136765695e-16,1.408684596027471
R135,Design and Implementation of Aggregate Functions in the DLV System,0,ALL,recent,0.0,0.8656070349945544,-9.645607694612941,2.609714233344349e-16,0.999195491846584,0.5000000000000001,2.0493563934772676
R136,A Recommender System based on Idiotypic Artificial Immune Networks,0,ALL,recent,0.3385202279710392,0.7359107668603388,-16.79966663828542,0.3978664816059235,0.8494833000668012,0.1770951562256147,1.4406177159022164
R137,Binary Decision Diagrams for Affine Approximation,0,ALL,recent,0.6274876468624548,0.8449199069604868,-20.72326583694641,0.7374930112882455,0.9753157355192531,3.207098136765695e-16,1.3702469974459999
R138,Symmetry Breaking for Maximum Satisfiability,0,ALL,recent,0.6363978885030495,0.6956949514062389,-17.766884078660432,0.7479653145625575,0.8030610092602997,0.13343893268325904,1.5744183907664333
R139,An Analysis of Key Factors for the Success of the Communal Management of Knowledge,0,ALL,recent,0.7439806242087748,0.5383691549591588,-20.72326583694641,0.8744084662564019,0.62145524566795,3.207098136765695e-16,1.1966909695394825
R140,A Pseudo-Boolean Solution to the Maximum Quartet Consistency Problem,0,ALL,recent,0.7474642274480173,0.7220692606116572,-14.635135772725882,0.8785027827834102,0.8335056449820826,0.27479319121406337,2.056589720247553
R141,MOOPPS: An Optimization System for Multi Objective Scheduling,0,ALL,recent,0.7495962103621503,0.5974774449138984,-20.72326583694641,0.8810085253382173,0.6896856717918644,3.207098136765695e-16,1.2565553577040662
R142,Temporal Difference Updating without a Learning Rate,0,ALL,recent,-2.220446049250313e-16,0.6710660420469229,-8.2593249238811,0.0,0.774631139578058,0.5625711117331803,2.0261326909953974
R143,Justifications for Logic Programs under Answer Set Semantics,0,ALL,recent,0.473813236018636,0.0,-8.948732608189376,0.5568778157894285,2.5631257517603564e-16,0.5314540798005153,1.7741374521328312
R144,Emerge-Sort: Converging to Ordered Sequences by Simple Local Operators,0,ALL,recent,0.0,0.6475170840067855,-20.72326583694641,2.609714233344349e-16,0.7474478892576194,3.207098136765695e-16,0.5979583114060966
R145,The Offset Tree for Learning with Partial Labels,0,ALL,recent,0.3632198386517421,0.7317789259206984,-9.645607694612941,0.4268962009153649,0.8447137953458259,0.5000000000000001,2.2672879970089532
R146,Finding Still Lifes with Memetic/Exact Hybrid Algorithms,0,ALL,recent,0.8325798337635333,0.7818440985651518,-20.72326583694641,0.9785400745502301,0.9025054869361947,3.207098136765695e-16,1.5048364491891408
R147,Algorithms for Weighted Boolean Optimization,0,ALL,recent,0.5672952881205315,0.7256791171827343,-17.953851301363045,0.6667482816874508,0.8376726078950579,0.1250000000000002,1.5160367116660076
R148,"Design, development and implementation of a tool for construction of declarative functional descriptions of semantic web services based on WSMO methodology",0,ALL,recent,0.7198546951939401,0.7257094065969016,-20.72326583694641,0.846053001207419,0.8377075718508291,3.207098136765695e-16,1.3470084584465996
R149,Online prediction of ovarian cancer,0,ALL,recent,0.7036900905878418,0.6026524235467919,-20.72326583694641,0.8270545667572051,0.6956593008306142,3.207098136765695e-16,1.2181710940702564
R150,On the Workings of Genetic Algorithms: The Genoclique Fixing Hypothesis,0,ALL,recent,0.6230182854109974,0.8189806377246835,-20.72326583694641,0.7322401224834186,0.9453732791454177,3.207098136765695e-16,1.34209072130307
R151,A Minimum Description Length Approach to Multitask Feature Selection,0,ALL,recent,0.49256434096325963,0.8155916300801969,-20.72326583694641,0.5789161920343455,0.9414612486011812,3.207098136765695e-16,1.2163019525084224
R152,Mining Compressed Repetitive Gapped Sequential Patterns Efficiently,0,ALL,recent,0.6497571113203138,0.7790313541379746,-20.72326583694641,0.7636665534845319,0.8992586538609878,3.207098136765695e-16,1.3303401658764167
R153,Apply Local Clustering Method to Improve the Running Speed of Ant Colony Optimization,0,ALL,recent,0.19352649170324054,0.7835090119713843,-14.379723991105308,0.2274537767299789,0.9044273451265373,0.28632143023077905,1.6213084730621605
R154,Graphical Probabilistic Routing Model for OBS Networks with Realistic Traffic Scenario,0,ALL,recent,0.6585811043419803,0.8024135661873739,-20.72326583694641,0.7740374878251115,0.9262494244123243,3.207098136765695e-16,1.3602295297899496
R155,Manipulation and gender neutrality in stable marriage procedures,0,ALL,recent,0.467260677147912,0.7570599526285715,-17.030713122835255,0.5491765225490326,0.8738964231371064,0.16666666666666688,1.5551250232155784
R156,An Agent Based Classification Model,0,ALL,recent,0.4025722232887373,0.8663039836127076,-17.404548591221726,0.47314748377714927,1.0,0.14979326871634327,1.5530011588125776
R157,Dendritic Cells for Anomaly Detection,0,ALL,recent,0.21922753344701107,0.8177650444371333,-20.72326583694641,0.25766048878818937,0.9439700842963291,3.207098136765695e-16,0.9613044584676156
R158,A new approach to content-based file type detection,0,ALL,recent,0.8076097443765159,0.6512979985730571,-9.645607694612941,0.9491924586947665,0.7518123094124296,0.5000000000000001,2.610803814485757
R159,Exploration Of The Dendritic Cell Algorithm Using The Duration Calculus,0,ALL,recent,0.0,0.8222250640624755,-7.448396854047673,2.609714233344349e-16,0.9491184152629523,0.5991730748653721,2.257227419373792
R160,Information Fusion in the Immune System,0,ALL,recent,0.7805331442806996,0.7793435932078817,-20.72326583694641,0.9173690380426492,0.8996190805423994,3.207098136765695e-16,1.4535904948680398
R161,Belief Propagation for Min-cost Network Flow: Convergence and Correctness,0,ALL,recent,0.7831244031760969,0.5671202758551211,-17.030713122835255,0.9204145726206596,0.6546435045699383,0.16666666666666688,1.6767131284191457
R162,Nurse Rostering with Genetic Algorithms,0,ALL,recent,0.7691844095676308,0.5968038734671501,-20.72326583694641,0.9040307475126251,0.6889081485904365,3.207098136765695e-16,1.2743511168824502
R163,GRASP for the Coalition Structure Formation Problem,0,ALL,recent,0.700205843744222,0.7328782974526497,-20.72326583694641,0.8229594937950182,0.8459828320266531,3.207098136765695e-16,1.335153860657338
R164,PCA 4 DCA: The Application Of Principal Component Analysis To The Dendritic Cell Algorithm,0,ALL,recent,0.0,0.8630540465616905,-0.8471248668211903,2.609714233344349e-16,0.9962485027051775,0.8971273853526944,3.039817265545879
R165,Mirrored Language Structure and Innate Logic of the Human Brain as a Computable Model of the Oracle Turing Machine,0,ALL,recent,0.6343789237944568,0.6383457816405943,-20.72326583694641,0.7455924035258705,0.7368611869687247,3.207098136765695e-16,1.185962872395677
R166,From RESTful Services to RDF: Connecting the Web and the Semantic Web,0,ALL,recent,0.6639096000428908,0.36884544850476175,-15.733444736296006,0.7803001263961659,0.42576907815497134,0.22522003462003035,1.5279054501909857
R167,Counterexample Guided Abstraction Refinement Algorithm for Propositional Circumscription,0,ALL,recent,0.6254111959562965,0.7700740559218818,-20.72326583694641,0.7350525361024278,0.8889189828153364,3.207098136765695e-16,1.2991772151342125
R168,Formalization of Psychological Knowledge in Answer Set Programming and its Application,0,ALL,recent,0.6225707971887622,0.6113304013844825,-20.72326583694641,0.7317141847407675,0.7056765442022782,3.207098136765695e-16,1.1499125831544375
R169,Machine Learning Approaches for Modeling Spammer Behavior,0,ALL,recent,0.6322627226628323,0.8168313778646255,-20.72326583694641,0.743105209470566,0.9428923256917638,3.207098136765695e-16,1.3487980281298648
R170,Gaussian Process Bandits for Tree Search: Theory and Application to Planning in Discounted MDPs,0,ALL,recent,0.7481223663225902,0.695255346335124,-20.72326583694641,0.8792763005138095,0.8025535602823073,3.207098136765695e-16,1.3454638886368944
R171,Hierarchical Semi-Markov Conditional Random Fields for Recursive Sequential Data,0,ALL,recent,0.7869800844623651,0.7752967977996466,-20.72326583694641,0.924946196496597,0.8949477463631901,3.207098136765695e-16,1.4559151542878306
R172,An Embarrassingly Simple Speed-Up of Belief Propagation with Robust Potentials,0,ALL,recent,0.6858309945748722,0.604781487687656,-17.030713122835255,0.8060645782477135,0.698116941775523,0.16666666666666688,1.6200118826852565
R173,Predictive State Temporal Difference Learning,0,ALL,recent,0.4830905716571684,0.6573418017738623,-18.23047765433335,0.5677815686059247,0.7587888480352821,0.1125142223466363,1.3425418891795562
R174,Covered Clause Elimination,0,ALL,recent,0.0,0.5991157932455197,-7.343036510100678,2.609714233344349e-16,0.6915768651404035,0.6039286081465608,2.063083012478725
R175,MUDOS-NG: Multi-document Summaries Using N-gram Graphs (Tech Report),0,ALL,recent,0.30054874928063424,0.6110843757318039,-13.826030460208358,0.3532381924236943,0.7053925496030007,0.3113128825658624,1.625186800036012
R176,Inverse-Category-Frequency based supervised term weighting scheme for text categorization,0,ALL,recent,0.7015414265724673,0.46710929971278436,-20.72326583694641,0.8245292187238715,0.5391979126828208,3.207098136765695e-16,1.0909817051253548
R177,An Image-Based Sensor System for Autonomous Rendez-Vous with Uncooperative Satellites,0,ALL,recent,0.5308592328628989,0.7206935875529272,-20.72326583694641,0.6239245922558299,0.831917665375902,3.207098136765695e-16,1.1646738061053863
R178,A Multi-stage Probabilistic Algorithm for Dynamic Path-Planning,0,ALL,recent,0.40150886265165686,-2.220446049250313e-16,-7.566179675065559,0.471897704530901,0.0,0.5938568419800216,1.862160268574775
R179,Combining a Probabilistic Sampling Technique and Simple Heuristics to solve the Dynamic Path Planning Problem,0,ALL,recent,0.48576228242258823,0.6235221332304033,-13.238534185970801,0.5709216591360456,0.7197498164906939,0.3378300519300455,1.8771123103265053
R180,Learning to Predict Combinatorial Structures,0,ALL,recent,0.27213494809039585,0.6026524235467919,-17.953851301363045,0.3198431448770009,0.6956593008306142,0.1250000000000002,1.1249019565660927
R181,Incremental Parser Generation for Tree Adjoining Grammars,0,ALL,recent,0.6473523716243264,0.6051039395758164,-20.72326583694641,0.7608402369369062,0.6984891574114429,3.207098136765695e-16,1.1674635154786803
R182,Processing Unknown Words in HPSG,0,ALL,recent,0.7641055219230237,0.0,-20.72326583694641,0.89806147598713,2.5631257517603564e-16,3.207098136765695e-16,0.7184491807897051
R183,Computing Declarative Prosodic Morphology,0,ALL,recent,0.41612540555514654,0.6026524235467919,-11.6361837041639,0.4890766853354129,0.6956593008306142,0.41015357289534277,1.9731727211711787
R184,Empirically Evaluating an Adaptable Spoken Dialogue System,0,ALL,recent,0.5678130312701559,0.5997937666077138,-20.72326583694641,0.6673567908053587,0.6923594696014459,3.207098136765695e-16,1.0877730083254447
R185,Temporal Meaning Representations in a Natural Language Front-End,0,ALL,recent,0.5490071692145322,0.7256182133451832,-20.72326583694641,0.645254057936239,0.8376023048158812,3.207098136765695e-16,1.186285090201697
R186,A Real World Implementation of Answer Extraction,0,ALL,recent,0.5723295929306035,0.5914687762119923,-17.791033425709074,0.6726651545258043,0.6827496899476526,0.13234893032272607,1.4152042013855808
R187,Exploiting Syntactic Structure for Natural Language Modeling,0,ALL,recent,0.3996154855150489,0.5630415495513506,-20.72326583694641,0.46967239792452664,0.6499353116250538,3.207098136765695e-16,0.8956861676396651
R188,Structured Language Modeling for Speech Recognition,0,ALL,recent,0.4300988260197074,0.7172928608752747,-20.72326583694641,0.5054997973885887,0.8279921072092747,3.207098136765695e-16,1.0667935236782917
R189,Looking at discourse in a corpus: The role of lexical cohesion,0,ALL,recent,0.10571972170377408,0.8233515855049784,-7.486876206985437,0.1242535312077024,0.9504187918787967,0.5974362748827695,2.3533285456761233
R190,"On the Scalability of the Answer Extraction System ""ExtrAns""",0,ALL,recent,0.6815865709545055,0.6809841367040719,-20.72326583694641,0.8010760613061946,0.7860798860282221,3.207098136765695e-16,1.2697247578675341
R191,Trainable Methods for Surface Natural Language Generation,0,ALL,recent,0.30863918371249244,0.0,-20.72326583694641,0.36274696742765716,2.5631257517603564e-16,3.207098136765695e-16,0.29019757394212675
R192,Aspects of Pattern-Matching in Data-Oriented Parsing,0,ALL,recent,0.261649503753279,0.8041240386687089,-9.645607694612941,0.30751948885358493,0.928223872774205,0.5000000000000001,2.238594689302232
R193,Selectional Restrictions in HPSG,0,ALL,recent,0.5953031188417625,0.0,-20.72326583694641,0.6996661877554562,2.5631257517603564e-16,3.207098136765695e-16,0.559732950204366
R194,Bunsetsu Identification Using Category-Exclusive Rules,0,ALL,recent,0.5429639627728522,0.768219043809114,-17.030713122835255,0.6381514121091921,0.8867776881337259,0.16666666666666688,1.6366099468610018
R195,Japanese Probabilistic Information Retrieval Using Location and Category Information,0,ALL,recent,0.4832927322255378,0.6068138973579462,-20.72326583694641,0.5680191701062506,0.7004630116409927,3.207098136765695e-16,1.0147857453977955
R196,Microplanning with Communicative Intentions: The SPUD System,0,ALL,recent,0.6694094757942283,0.7000781738649762,-16.98836959176884,0.7867641897922285,0.8081206910136468,0.16857787978239747,1.6973526041006939
R197,Part-of-Speech Tagging with Two Sequential Transducers,0,ALL,recent,0.688548020608472,0.8159912597896314,-20.72326583694641,0.8092579283021526,0.9419225528511835,3.207098136765695e-16,1.40094438492267
R198,Combining semantic and syntactic structure for language modeling,0,ALL,recent,0.5609185591775918,0.23182025872883993,-14.491295380413757,0.6592536432610017,0.26759689798734476,0.28128555586659026,1.444694322665153
R199,Part of Speech Tagging in Thai Language Using Support Vector Machine,0,ALL,recent,0.5471663853754675,0.7757223524119192,-17.030713122835255,0.6430905648007317,0.8954389764860137,0.16666666666666688,1.6474902996960636
R200,Computational Phonology,0,ALL,recent,0.5923365876483488,0.5937394423451514,-20.72326583694641,0.6961795915908138,0.6853707862096019,3.207098136765695e-16,1.1052403022403334
R201,An Approach for Resource Sharing in Multilingual NLP,0,ALL,recent,0.2069992342467799,0.6068138973579462,-8.29159392688478,0.24328843661281174,0.7004630116409927,0.5611146214448421,2.157787712215149
R202,A Public Reference Implementation of the RAP Anaphora Resolution Algorithm,0,ALL,recent,0.6771572103813638,0.3590022492385875,-18.18584909860997,0.795870185965857,0.4144067856429069,0.11452857209231174,1.2545430075177906
R203,Unsupervised Topic Adaptation for Lecture Speech Retrieval,0,ALL,recent,0.36645149786800024,0.5991157932455197,-20.72326583694641,0.43069440490993377,0.6915768651404035,3.207098136765695e-16,0.8978170160402706
R204,"An Anthological Review of Research Utilizing MontyLingua, a Python-Based End-to-End Text Processor",0,ALL,recent,0.6659932159547073,0.7233098469969376,-20.72326583694641,0.7827490226905506,0.8349376900941305,3.207098136765695e-16,1.2941493702277458
R205,Framework and Resources for Natural Language Parser Evaluation,0,ALL,recent,0.4895251888633705,0.6151290005181522,-13.107113924174262,0.575344243733662,0.7100613781699446,0.34376182289228135,1.8877290547535888
R206,Methods to integrate a language model with semantic information for a word prediction component,0,ALL,recent,0.5547530472450268,-2.220446049250313e-16,-5.328134828903907,0.652007250469021,0.0,0.6948729961800201,2.258788290825267
R207,A chain dictionary method for Word Sense Disambiguation and applications,0,ALL,recent,0.5406901432100355,0.5937287931405115,-17.332628180428063,0.6354789674086586,0.6853584935215371,0.1530394607304666,1.4392686205703233
R208,Une grammaire formelle du créole martiniquais pour la génération automatique,0,ALL,recent,0.0,0.6302563276271864,-7.566179675065559,2.609714233344349e-16,0.7275232938429506,0.5938568419800216,2.066660740024415
R209,What's in a Message?,0,ALL,recent,0.5105407981698808,0.6026524235467919,-13.662182905906013,0.6000441164228099,0.6956593008306142,0.3187082883545732,1.8333334546891724
R210,Induction of Word and Phrase Alignments for Automatic Document Summarization,0,ALL,recent,0.313876692604377,0.6814736414176699,-17.898832664530254,0.3689026682189615,0.786644935621503,0.12748331534182938,1.243146371426945
R211,A Noisy-Channel Model for Document Compression,0,ALL,recent,0.6146558417670528,-2.220446049250313e-16,-5.328134828903907,0.7224116521134628,0.0,0.6948729961800201,2.3151118121408203
R212,Pattern Based Term Extraction Using ACABIT System,0,ALL,recent,0.8022341904886048,0.7719253165739844,-20.72326583694641,0.942874512128072,0.8910559470762907,3.207098136765695e-16,1.4671443673634912
R213,Multiple Retrieval Models and Regression Models for Prior Art Search,0,ALL,recent,0.250229000189242,0.7505816071322959,-20.72326583694641,0.29409684761756394,0.8664182796461123,3.207098136765695e-16,0.9284121018109418
R214,Standards for Language Resources,0,ALL,recent,0.5217035554384555,0.716239612617751,-20.72326583694641,0.6131638256528553,0.8267763119717516,3.207098136765695e-16,1.1519521100996866
R215,Towards Effective Sentence Simplification for Automatic Processing of Biomedical Text,0,ALL,recent,0.21914826917532937,0.5168676873874831,-16.49423793971901,0.25756732863324067,0.5966354734189421,0.19088095348718606,1.1605646253597113
R216,Approximations to the MMI criterion and their effect on lattice-based MMI,0,ALL,recent,0.5804783711760153,0.760520471675203,-20.72326583694641,0.6822425016442349,0.8778910013822626,3.207098136765695e-16,1.2481068024211992
R217,Why has (reasonably accurate) Automatic Speech Recognition been so hard to achieve?,0,ALL,recent,0.47483127895275734,0.0,-16.06420152828024,0.5580743326497365,2.5631257517603564e-16,0.21029103122714532,0.9721870441876528
R218,Learning Recursive Segments for Discourse Parsing,0,ALL,recent,0.7137929344619567,0.6106493451813007,-20.72326583694641,0.8389285483225015,0.7048903811278091,3.207098136765695e-16,1.2350551435602495
R219,Complete Complementary Results Report of the MARF's NLP Approach to the DEFT 2010 Competition,0,ALL,recent,0.7145431307397937,0.6110843757318039,-20.72326583694641,0.8398102621136266,0.7053925496030007,3.207098136765695e-16,1.2361622493733027
R220,For the sake of simplicity: Unsupervised extraction of lexical simplifications from Wikipedia,0,ALL,recent,0.7630383262137015,-2.220446049250313e-16,-5.328134828903907,0.8968071893390386,0.0,0.6948729961800201,2.454628241921281
R221,Learning Taxonomy for Text Segmentation by Formal Concept Analysis,0,ALL,recent,0.43176190028829664,0.8094633006524176,-20.72326583694641,0.5074544265457851,0.9343871388848405,3.207098136765695e-16,1.1534732523445015
R222,"Image Compression with Iterated Function Systems, Finite Automata and Zerotrees: Grand Unification",0,ALL,recent,0.7882695147080513,0.7906610708538067,-20.72326583694641,0.9264616777964954,0.912683175663754,3.207098136765695e-16,1.4713158827682005
R223,Gradient Vector Flow Models for Boundary Extraction in 2D Images,0,ALL,recent,0.0,0.7888798555754701,-3.254975782544968,2.609714233344349e-16,0.9106270668243275,0.788446882452802,2.6996188595914674
R224,"The Perceptron Algorithm: Image and Signal Decomposition, Compression, and Analysis by Iterative Gaussian Blurring",0,ALL,recent,0.5943832653880774,0.8303803032917513,-18.2880138112582,0.6985850740524309,0.9585322461855186,0.1099172764856255,1.6004870474044235
R225,Enhancement of Noisy Planar Nuclear Medicine Images using Mean Field Annealing,0,ALL,recent,0.5091649094748454,0.7260772085837692,-20.72326583694641,0.5984270195732179,0.8381321364307284,3.207098136765695e-16,1.149247324803158
R226,MI image registration using prior knowledge,0,ALL,recent,0.7470560505609579,0.6110843757318039,-20.72326583694641,0.8780230480777456,0.7053925496030007,3.207098136765695e-16,1.2667324781445979
R227,Variational local structure estimation for image super-resolution,0,ALL,recent,0.14708320056655544,0.0,-14.909786269252779,0.1728684748426917,2.5631257517603564e-16,0.2623965956070318,0.7942862688917331
R228,A Class of LULU Operators on Multi-Dimensional Arrays,0,ALL,recent,0.4508479982814574,0.5833279221706316,-20.72326583694641,0.5298865237402086,0.6733524642678037,3.207098136765695e-16,0.9625911904064107
R229,Wavelet and Curvelet Moments for Image Classification: Application to Aggregate Mixture Grading,0,ALL,recent,0.38588474060600453,0.6202107439916817,-9.096306701559147,0.4535345050738303,0.7159273831400907,0.5247931912140633,2.2475524886062948
R230,Sparse Component Analysis (SCA) in Random-valued and Salt and Pepper Noise Removal,0,ALL,recent,0.5087923695919548,0.6147699803083334,-20.72326583694641,0.5979891694236067,0.7096469506518792,3.207098136765695e-16,1.0461088960603897
R231,Point-Set Registration: Coherent Point Drift,0,ALL,recent,0.43559942804704155,0.632647483183723,-20.72326583694641,0.5119647143846776,0.7302834745667709,3.207098136765695e-16,0.9937985511611597
R232,Learning Object Location Predictors with Boosting and Grammar-Guided Feature Extraction,0,ALL,recent,0.4315896721021736,0.42967386884116554,-9.655591723694707,0.5072520048977293,0.49598510103730165,0.4995493619249899,2.0514630895604995
R233,Kernel Spectral Curvature Clustering (KSCC),0,ALL,recent,0.7981919043873791,0.7722979610196927,-20.72326583694641,0.9381235695968719,0.891486101447917,3.207098136765695e-16,1.463687736835832
R234,Motion Segmentation by SCC on the Hopkins 155 Database,0,ALL,recent,0.5105810556406498,0.8045507928313603,-20.72326583694641,0.6000914314631819,0.9287164875730795,3.207098136765695e-16,1.22304633522901
R235,An Iterative Shrinkage Approach to Total-Variation Image Restoration,0,ALL,recent,0.670478582041954,0.4747983791461743,-9.645607694612941,0.7880207219167489,0.5480736417327144,0.5000000000000001,2.318875490919571
R236,An Optimal Method For Wake Detection In SAR Images Using Radon Transformation Combined With Wavelet Filters,0,ALL,recent,0.6471996547387784,0.0,-5.753802534995198,0.7606607471312334,2.5631257517603564e-16,0.6756601038600903,2.297678857355213
R237,Boosting k-NN for categorization of natural scenes,0,ALL,recent,0.40327597565713935,0.8153552271731346,-12.689528107761907,0.4739746115396944,0.9411883618183265,0.3626099318990282,2.0386552084339873
R238,Gradient Based Seeded Region Grow method for CT Angiographic Image Segmentation,0,ALL,recent,0.23276627703702313,0.7803600406998061,-16.66451246079939,0.27357272041407515,0.9007923955809446,0.18319546080937574,1.3974807448194553
R239,Nonlinear Filter Based Image Denoising Using AMF Approach,0,ALL,recent,0.48260405750637947,0.6944033122368147,-17.953851301363052,0.5672097632677738,0.8015700324278513,0.12499999999999988,1.4075238365565
R240,Pattern recognition using inverse resonance filtration,0,ALL,recent,0.8135319380095521,0.7531405068514639,-20.72326583694641,0.9561528768602852,0.869372092358016,3.207098136765695e-16,1.4604199753746419
R241,Land-cover Classification and Mapping for Eastern Himalayan State Sikkim,0,ALL,recent,0.710252336227845,0.5162175275511909,-20.72326583694641,0.8347672449621993,0.5958849749235052,3.207098136765695e-16,1.1445217759085646
R242,Recognition of Handwritten Roman Script Using Tesseract Open source OCR Engine,0,ALL,recent,0.4481098862639319,0.0,-14.491295380413757,0.52666839110103,2.5631257517603564e-16,0.28128555586659026,1.1245486025473
R243,Development of a Multi-User Recognition Engine for Handwritten Bangla Basic Characters and Digits,0,ALL,recent,0.2624492154845376,0.0,-14.491295380413757,0.30845939869212513,2.5631257517603564e-16,0.28128555586659026,0.949981408620176
R244,Regularized Richardson-Lucy Algorithm for Sparse Reconstruction of Poissonian Images,0,ALL,recent,0.7769143013974359,0.612456431900815,-20.72326583694641,0.9131157729007743,0.7069763541277003,3.207098136765695e-16,1.2960737016227806
R245,A New Approach to Lung Image Segmentation using Fuzzy Possibilistic C-Means Algorithm,0,ALL,recent,0.44770866033622725,0.7941915982333233,-20.72326583694641,0.5261968259329994,0.9167585665730668,3.207098136765695e-16,1.1543643140048538
R246,Color Image Compression Based On Wavelet Packet Best Tree,0,ALL,recent,0.7878151151647459,0.7682606965213328,-20.72326583694641,0.9259276171035145,0.8868257690764513,3.207098136765695e-16,1.4502027089439737
R247,Deblured Gaussian Blurred Images,0,ALL,recent,0.6062247845277229,0.6842064988036993,-15.184436765779676,0.7125025394434887,0.7897995527509692,0.2500000000000002,1.8268416737555668
R248,Penalized K-Nearest-Neighbor-Graph Based Metrics for Clustering,0,ALL,recent,0.08220961173204999,0.7851133561188628,-8.49432210235681,0.09662184493394024,0.9062792864517842,0.5519643040732805,2.1822316652917806
R249,Solving Inverse Problems with Piecewise Linear Estimators: From Gaussian Mixture Models to Structured Sparsity,0,ALL,recent,0.6388679443004947,0.7012934565944011,-17.030713122835255,0.7508683978299596,0.8095235273764174,0.16666666666666688,1.6649802068317687
R250,Survey of Nearest Neighbor Techniques,0,ALL,recent,0.7273231763772912,0.7038881373114328,-20.723265836946418,0.8548307878382791,0.8125186431396063,0.0,1.3338795447823086
R251,A Parallel Framework for Multilayer Perceptron for Human Face Recognition,0,ALL,recent,0.20159293160070502,0.7080457420076516,-13.755600962269682,0.2369343506984107,0.8173178877175666,0.3144917808958952,1.62963124297252
R252,Image Pixel Fusion for Human Face Recognition,0,ALL,recent,0.6895060845405008,0.4950920713811334,-8.2593249238811,0.810383951193235,0.5714992436217065,0.5625711117331803,2.511934335184904
R253,Registration of Brain Images using Fast Walsh Hadamard Transform,0,ALL,recent,0.5991003901493251,0.767071208289969,-20.72326583694641,0.704129161752308,0.8854527080564577,3.207098136765695e-16,1.2716654958470137
R254,Multi-environment model estimation for motility analysis of Caenorhabditis Elegans,0,ALL,recent,0.43248662375324975,0.8459858636462313,-14.211488314336389,0.508306201864697,0.9765462004667871,0.2939148978485422,1.9226691664865427
R255,Video Event Recognition for Surveillance Applications (VERSA),0,ALL,recent,0.7383558628615405,0.7263679503424683,-20.72326583694641,0.8677976234701075,0.8384677481377029,3.207098136765695e-16,1.365012297286249
R256,Ear Identification by Fusion of Segmented Slice Regions using Invariant Features: An Experimental Manifold with Dual Fusion Approach,0,ALL,recent,0.7427988187635309,0.5383691549591588,-15.328736418275057,0.8730194775473369,0.62145524566795,0.2434869062286761,1.8042970441439197
R257,Optimally Training a Cascade Classifier,0,ALL,recent,0.0,0.6838742650967583,-6.554579992680915,2.609714233344349e-16,0.789416045675825,0.6395162976784602,2.230323580736811
R258,Evolutionary Computational Method of Facial Expression Analysis for Content-based Video Retrieval using 2-Dimensional Cellular Automata,0,ALL,recent,0.22565416659872883,0.7921441453820555,-15.184436765779676,0.2652137801704245,0.914395131924262,0.2500000000000002,1.5686871296757499
R259,Modeling Instantaneous Changes In Natural Scenes,0,ALL,recent,0.6463345044628019,0.8016494255037421,-7.961967240111793,0.7596439266640306,0.9253673544945049,0.5759926165290788,2.7879905662495252
R260,Face Detection with Effective Feature Extraction,0,ALL,recent,0.44897563331278034,0.38338810166938586,1.4320504477205294,0.5276859129618374,0.44255608761091025,1.0,3.276193600458198
R261,Collaborative Sources Identification in Mixed Signals via Hierarchical Sparse Modeling,0,ALL,recent,0.7406540625472126,0.5561612896780531,-20.72326583694641,0.8704987223924573,0.6419932266255078,3.207098136765695e-16,1.209993559214373
R262,Selective Image Super-Resolution,0,ALL,recent,0.65958007842459,0.7774913422862311,-13.724823404135643,0.7752115928582011,0.897480973184372,0.31588095348718603,2.1278564365520234
R263,Generalized Tree-Based Wavelet Transform,0,ALL,recent,0.1830009262996446,0.7459553226938747,-8.547005708505354,0.21508296598362664,0.861078024347818,0.5495863824281264,2.2348947483354715
R264,Learning sparse representations of depth,0,ALL,recent,0.5016760902869296,0.7280206703723658,-20.72326583694641,0.589625329465843,0.8403755311574753,3.207098136765695e-16,1.1440006884986555
R265,Sparse motion segmentation using multiple six-point consistencies,0,ALL,recent,0.6902782695371754,0.6621088651519573,-20.72326583694641,0.8112915085631955,0.7642916085769286,3.207098136765695e-16,1.2604664937121002
R266,Hierarchical Reinforcement Learning with the MAXQ Value Function Decomposition,0,ALL,recent,0.4403398882440952,0.6188735069099195,-20.72326583694641,0.5175362284743941,0.7143837713051485,3.207098136765695e-16,0.9855359998236349
R267,State Abstraction in MAXQ Hierarchical Reinforcement Learning,0,ALL,recent,0.6519923337532716,0.0,-20.72326583694641,0.7662936345613048,2.5631257517603564e-16,3.207098136765695e-16,0.6130349076490449
R268,Top-down induction of clustering trees,0,ALL,recent,0.0,0.8164361475879972,-7.343036510100678,2.609714233344349e-16,0.9424360998355926,0.6039286081465608,2.2637704002348764
R269,Preference Learning in Terminology Extraction: A ROC-based approach,0,ALL,recent,0.6905215280355899,0.5983239981165844,-20.72326583694641,0.8115774129047617,0.6906628728883614,3.207098136765695e-16,1.2017922286344995
R270,Using Pseudo-Stochastic Rational Languages in Probabilistic Grammatical Inference,0,ALL,recent,0.6819213106467934,0.4533620737871351,-11.722510788453208,0.801469484483364,0.5233290881296658,0.40625712279821397,2.0754816650859587
R271,Parametric Learning and Monte Carlo Optimization,0,ALL,recent,0.5839930398074746,0.6172662156442643,-10.034634107547951,0.6863733296623735,0.712528428035281,0.48244094519182107,2.3252237691376765
R272,Density estimation in linear time,0,ALL,recent,0.44985251667322446,0.6228581188101814,-9.645607694612941,0.5287165234499899,0.7189833252442231,0.5000000000000001,2.248159878955371
R273,A Novel Clustering Algorithm Based on Quantum Random Walk,0,ALL,recent,0.2868397111634373,0.52437351696754,-14.033151173523542,0.3371258117999956,0.6052996718089294,0.3019643040732806,1.5088511470703416
R274,Transfer Learning Using Feature Selection,0,ALL,recent,0.7684129826570814,0.8501831535290351,-20.723265836946414,0.9031240811294786,0.9813912548151463,1.6035490683828475e-16,1.5076122687557005
R275,Clustering for Improved Learning in Maze Traversal Problem,0,ALL,recent,0.7508154716253411,0.827165246489304,-20.72326583694641,0.8824415362748211,0.9548210121807531,3.207098136765695e-16,1.4698100387644604
R276,Randomized Algorithms for Large scale SVMs,0,ALL,recent,0.31648095296593515,0.612456431900815,-7.101823406860559,0.37196348356063014,0.7069763541277003,0.6148159771256737,2.4001918129648487
R277,Variable sigma Gaussian processes: An expectation propagation perspective,0,ALL,recent,0.31648095296593515,0.6304488176794978,-7.101823406860559,0.37196348356063014,0.7277454907345182,0.6148159771256737,2.416807122250303
R278,Competing with Gaussian linear experts,0,ALL,recent,0.5450668312007905,0.7310769536023314,-20.72326583694641,0.640622936093796,0.8439034881884704,3.207098136765695e-16,1.187621139425814
R279,Online Distributed Sensor Selection,0,ALL,recent,0.0,0.8053221221378458,-4.539677580932347,2.609714233344349e-16,0.9296068555282964,0.7304607186860277,2.5698372811377066
R280,Asymptotic Analysis of Generative Semi-Supervised Learning,0,ALL,recent,0.36277878542037767,0.6226314690059558,-13.941990523909718,0.42637782628701354,0.7187216967529395,0.3060789214609328,1.6812769220842945
R281,Model Selection with the Loss Rank Principle,0,ALL,recent,-2.220446049250313e-16,0.0,-6.349785710118994,0.0,2.5631257517603564e-16,0.6487598706399373,1.6218996765998435
R282,Extension of Wirtinger's Calculus to Reproducing Kernel Hilbert Spaces and the Complex Kernel LMS,0,ALL,recent,0.6349496204958363,0.7799441160089811,-20.72326583694641,0.746263149525313,0.9003122815578154,3.207098136765695e-16,1.3172603448665037
R283,Comparison of Support Vector Machine and Back Propagation Neural Network in Evaluating the Enterprise Financial Distress,0,ALL,recent,0.5837025963157397,0.6726700026300044,-11.873352418523586,0.6860319682883295,0.7764826381437147,0.399448751022688,2.1686335627023556
R284,Efficient L1/Lq Norm Regularization,0,ALL,recent,0.5225004554297199,0.6978417200946709,-13.536525773532702,0.6141004308229998,0.8055390870817584,0.32437993531996884,1.9466614526237287
R285,Algorithms for nonnegative matrix factorization with the beta-divergence,0,ALL,recent,0.7121235176135007,0.6839441340528618,-19.04172332323456,0.8369664646626569,0.7894966974532902,0.07589792409669206,1.4909153399344877
R286,"How I won the ""Chess Ratings - Elo vs the Rest of the World"" Competition",0,ALL,recent,0.6501799485528098,0.7140350247820743,-20.72326583694641,0.7641635186525915,0.8242314918192652,3.207098136765695e-16,1.2707160083774864
R287,Positive factor networks: A graphical framework for modeling non-negative sequential data,0,ALL,recent,0.7584363359558848,0.8218959892663041,-18.761466237615917,0.8913984204650589,0.9487385546108067,0.08854757811280743,1.6934785253427111
R288,Delay-Optimal Power and Subcarrier Allocation for OFDMA Systems via Stochastic Approximation,0,ALL,recent,0.7683900602996973,0.0,-20.72326583694641,0.9030971402351716,2.5631257517603564e-16,3.207098136765695e-16,0.7224777121881384
R289,A Novel method for the design of 2-DOF Parallel mechanisms for machining applications,0,ALL,recent,0.6639766367445294,0.7222383586550616,-20.72326583694641,0.7803789153559255,0.8337008397942998,3.207098136765695e-16,1.2912638041201812
R290,"The Virtual Manufacturing concept: Scope, Socio-Economic Aspects and Future Trends",0,ALL,recent,0.7874369297659718,0.7927320446566821,-20.72326583694641,0.9254831317180862,0.9150737612342359,3.207098136765695e-16,1.4724455143618584
R291,"Architecture Optimization of a 3-DOF Translational Parallel Mechanism for Machining Applications, the Orthoglide",0,ALL,recent,0.6639766367445294,0.0,-20.72326583694641,0.7803789153559255,2.5631257517603564e-16,3.207098136765695e-16,0.6243031322847414
R292,Design Strategies for the Geometric Synthesis of Orthoglide-type Mechanisms,0,ALL,recent,0.0,0.6995181227413343,-20.72326583694641,2.609714233344349e-16,0.8074742076380235,3.207098136765695e-16,0.6459793661104198
R293,Development of Architectures for Internet Telerobotics Systems,0,ALL,recent,0.706414210786465,0.7299592220501597,-20.72326583694641,0.830256254660448,0.8426132579998588,3.207098136765695e-16,1.3382956101282464
R294,Wavelet Based Iterative Learning Control with Fuzzy PD Feedback for Position Tracking of A Pneumatic Servo System,0,ALL,recent,0.5774504004211369,0.6096872612148356,-20.72326583694641,0.6786836948991557,0.703779819495098,3.207098136765695e-16,1.1059708115154039
R295,Urologic robots and future directions,0,ALL,recent,0.8214598830483744,0.6873262314796896,-20.72326583694641,0.9654706763249339,0.79340075133138,3.207098136765695e-16,1.407097142125052
R296,Robust Global Localization Using Clustered Particle Filtering,0,ALL,recent,0.7239792984065211,0.6466839776567997,-20.72326583694641,0.8509006919290218,0.7464862102560852,3.207098136765695e-16,1.2779095217480867
R297,Automatic Image Segmentation by Dynamic Region Merging,0,ALL,recent,0.40933699325452755,0.0,-17.607280608680085,0.4810981910104926,2.5631257517603564e-16,0.14064277793329522,0.7364854976416324
R298,A Multi-stage Probabilistic Algorithm for Dynamic Path-Planning,0,ALL,recent,0.40150886265165686,-2.220446049250313e-16,-7.566179675065559,0.471897704530901,0.0,0.5938568419800216,1.862160268574775
R299,Combining a Probabilistic Sampling Technique and Simple Heuristics to solve the Dynamic Path Planning Problem,0,ALL,recent,0.48576228242258823,0.6235221332304033,-13.238534185970801,0.5709216591360456,0.7197498164906939,0.3378300519300455,1.8771123103265053
R300,Bayesian Classification and Regression with High Dimensional Features,0,ALL,recent,0.36176720611411817,0.6234457016839116,-13.912544621903486,0.4251889061983704,0.7196615893233975,0.30740798856283696,1.6844003678245068
R301,The nested Chinese restaurant process and Bayesian nonparametric inference of topic hierarchies,0,ALL,recent,0.211823137721449,0.7267149605903734,-8.547005708505354,0.24895802248830448,0.8388683122058236,0.5495863824281264,2.2442270238256183
R302,Component models for large networks,0,ALL,recent,0.7467844203340683,0.7869547188151848,-17.030713122835255,0.8777037981371494,0.9084048252131819,0.16666666666666688,1.8455535653469324
R303,Supervised functional classification: A theoretical remark and some comparisons,0,ALL,recent,0.5555725411932961,0.6884225868745533,-9.645607694612941,0.6529704105609584,0.7946663063970413,0.5000000000000001,2.4081093735663996
R304,An information-theoretic derivation of min-cut based clustering,0,ALL,recent,0.5014623356287327,0.7940561718018267,-11.838233067031588,0.58937410130647,0.9166022398862936,0.401033894337311,2.207365808797489
R305,Reconstruction of Epsilon-Machines in Predictive Frameworks and Decisional States,0,ALL,recent,0.7062265669339876,0.7767203892500497,-16.98090001145861,0.8300357148131612,0.8965910395689611,0.16891502596502278,1.803588968418255
R306,KNIFE: Kernel Iterative Feature Extraction,0,ALL,recent,0.0,0.2133389658559509,-7.853861103602124,2.609714233344349e-16,0.24626340163677124,0.5808720836114101,1.6491909303379424
R307,Bayesian Agglomerative Clustering with Coalescents,0,ALL,recent,0.1843892239339986,0.6718981427254661,-20.72326583694641,0.21671464719367683,0.7755916577036623,3.207098136765695e-16,0.7938450439178723
R308,Structured Sparse Principal Component Analysis,0,ALL,recent,0.0,0.8148142587436131,-8.547005708505354,2.609714233344349e-16,0.9405639061540856,0.5495863824281264,2.1264170809935847
R309,Sparse Convolved Multiple Output Gaussian Processes,0,ALL,recent,0.7838673057001952,0.6245100379116646,-20.72326583694641,0.9212877139842075,0.7208901837289253,3.207098136765695e-16,1.3137423181705072
R310,Sparse Group Restricted Boltzmann Machines,0,ALL,recent,0.3757981615426227,0.5470957473825074,-13.536525773532702,0.44167963971632784,0.6315286062762627,0.32437993531996884,1.6695164350939946
R311,Fast Sparse Decomposition by Iterative Detection-Estimation,0,ALL,recent,0.790088706717248,0.8362364015667505,-20.72326583694641,0.9285997938210615,0.965292111528141,3.207098136765695e-16,1.515113524279363
R312,Regularizers for Structured Sparsity,0,ALL,recent,0.6776606014298775,0.0,-20.72326583694641,0.7964618269042567,2.5631257517603564e-16,3.207098136765695e-16,0.6371694615234064
R313,Exact block-wise optimization in group lasso and sparse group lasso for linear regression,0,ALL,recent,0.5431627454207111,0.793698765255224,-20.72326583694641,0.638385043503044,0.9161896750668266,3.207098136765695e-16,1.2436597748558973
R314,An Introduction to Conditional Random Fields,0,ALL,recent,0.6477315716635359,0.8280894755289627,-20.72326583694641,0.7612859148402012,0.9558878767654044,3.207098136765695e-16,1.3737390332844854
R315,Ultra-high Dimensional Multiple Output Learning With Simultaneous Orthogonal Matching Pursuit: A Sure Screening Approach,0,ALL,recent,0.567823473848453,0.8074015810719594,-20.72326583694641,0.667369064080462,0.9320072357336853,3.207098136765695e-16,1.279501039851319
R316,Hyper-sparse optimal aggregation,0,ALL,recent,0.8136857763283929,0.6080245445719787,-20.72326583694641,0.9563336846986238,0.7018604970929051,3.207098136765695e-16,1.3265553454332242
R317,Foundations of a Multi-way Spectral Clustering Framework for Hybrid Linear Modeling,0,ALL,recent,0.6596211684338139,0.814565814264167,-20.72326583694641,0.7752598863900148,0.9402771194323969,3.207098136765695e-16,1.3724296046579303
R318,A D.C. Programming Approach to the Sparse Generalized Eigenvalue Problem,0,ALL,recent,0.7526438968302059,0.6083279250736305,-20.72326583694641,0.8845905041740196,0.7022106980701494,3.207098136765695e-16,1.2694409617953362
R319,Matrix Completion from Noisy Entries,0,ALL,recent,0.609470127108674,0.0,-13.338160408724098,0.7163168256444284,2.5631257517603564e-16,0.33333333333333354,1.4063867938488768
R320,Sparse Canonical Correlation Analysis,0,ALL,recent,0.8034779667474088,0.7562859525421457,-20.72326583694641,0.9443363358039017,0.8730029722225694,3.207098136765695e-16,1.453871446421178
R321,SpicyMKL,0,ALL,recent,0.6697494093749158,0.7905144576300795,-20.72326583694641,0.7871637174025533,0.9125139357358529,3.207098136765695e-16,1.359742122510726
R322,High-dimensional variable selection for Cox's proportional hazards model,0,ALL,recent,0.5044616618124932,0.7233098469969376,-20.72326583694641,0.5928992417776132,0.8349376900941305,3.207098136765695e-16,1.142269545497396
R323,Incorporating Side Information in Probabilistic Matrix Factorization with Gaussian Processes,0,ALL,recent,0.5073371148451086,0.5502842202247695,-20.72326583694641,0.5962787927957806,0.6352091536390548,3.207098136765695e-16,0.9851903571478692
R324,Quantum learning: optimal classification of qubit states,0,ALL,recent,0.670296780188216,0.6326784826697613,-17.129895805239556,0.7878070482337028,0.7303192581792496,0.16218996765998456,1.6199759642803233
R325,Graph-Valued Regression,0,ALL,recent,0.5277526239193386,0.7970823387180361,-20.72326583694641,0.6202733611979163,0.92009543277638,3.207098136765695e-16,1.232295035179438
R326,NESVM: a Fast Gradient Method for Support Vector Machines,0,ALL,recent,0.6404387562473653,0.7095585139616056,-18.327685815808508,0.7527145900835565,0.8190641245842673,0.10812664510665648,1.5277395845009
R327,Hierarchical Semi-Markov Conditional Random Fields for Recursive Sequential Data,0,ALL,recent,0.7869800844623651,0.7752967977996466,-20.72326583694641,0.924946196496597,0.8949477463631901,3.207098136765695e-16,1.4559151542878306
R328,Model Selection by Loss Rank for Classification and Unsupervised Learning,0,ALL,recent,0.5591657692145762,0.7401910272781564,-15.932105794670605,0.6571935702787783,0.8544241297279646,0.21625329021331266,1.749927385538676
R329,Using a Kernel Adatron for Object Classification with RCS Data,0,ALL,recent,0.47628952124995727,0.31775113471763416,-4.106778623446206,0.5597882205777733,0.3667894188741132,0.7500000000000001,2.6162621115615092
R330,On the numeric stability of the SFA implementation sfa-tk,0,ALL,recent,0.0,0.8092921662647913,-20.72326583694641,2.609714233344349e-16,0.9341895934609898,3.207098136765695e-16,0.7473516747687929
